ID,target
009D84L,0
01DO2EQ,0
01QM0NU,0
024NJLZ,0
02BYET3,0
02NOVWQ,0
02VSP68,0
02YB37K,0
035MSR2,0
0368TEA,0
03ITANF,0
03PBB9C,0
03TU8D8,0
03U7AQ3,0
03U9R5M,0
045OFQ1,0
04OFD80,0
04UA1UO,0
04VHLFR,0
05INLXG,0
05X3N9M,0
0605AP6,0
06H3F75,0
06M2PCI,0
06P6GY9,0
06QWOUO,0
06SOU7C,0
071O9H5,0
0737K0Z,0
07A1Q6H,0
07STYSU,0
07Y4UYU,0
0854MA0,0
0884G2B,0
08ASI3I,0
0995A6M,0
09OQBRF,0
0AYG0IU,0
0BEW4PK,0
0BRBW3E,0
0BVFIF8,0
0C6TAF9,0
0COV8OZ,0
0CRE393,0
0CVKGTA,0
0D598MI,0
0DIRHMJ,0
0E2L1GD,0
0EDO809,0
0EG8YRM,0
0EUIYTC,0
0EZTH7Z,0
0FBQCMF,0
0FEFBFY,0
0FG1C5Z,0
0FKEOR7,0
0FNR93U,0
0FPUQ6R,0
0FS2V1Z,0
0G32KK0,0
0G8LN29,0
0GHSO2V,0
0GJ57GZ,0
0HKYJTY,0
0HRCBPZ,0
0HS4HXM,0
0HZ0SGK,0
0HZNKPH,0
0I8D4S9,0
0IEWNLE,0
0IG9TFC,0
0J0VSK8,0
0J11QD0,0
0J8NLTP,0
0JF2IEE,0
0KI5LO5,0
0KIV90L,0
0KJ83JX,0
0LGQI4P,0
0LSG93Q,0
0MGZ7LX,0
0MOXT38,0
0MQN50S,0
0MSRDSB,0
0MYKAQZ,0
0N6C2N6,0
0NJQCGC,0
0OAUZNX,0
0OL4F1B,0
0OMLTID,0
0OY6BWD,0
0P00KVT,0
0PAPPE2,0
0PN2IUA,0
0PTKX7R,0
0PX089J,0
0QAIYP3,0
0QVH8HX,0
0R6HJO3,0
0RUSK9F,0
0S36X1H,0
0S5RPSJ,0
0SJ3H22,0
0SZIJZ7,0
0TID8MD,0
0TJC688,0
0TOAZDD,0
0U0IV3B,0
0U1TI1O,0
0U2JJH6,0
0UI62ZC,0
0VN4TA9,0
0VP4IPU,0
0VSJD2V,0
0VW4ENS,0
0W133BB,0
0W6U1P0,0
0WEZF2R,0
0WI1PKC,0
0WKE4HV,0
0WQ94Q2,0
0XA9BJM,0
0XBP65Y,0
0XIYCXO,0
0XKWIGE,0
0XSQLZG,0
0XWTUD1,0
0XYBQSZ,0
0YE8LFM,0
0YY2WTH,0
0Z10C2X,0
0Z8TVZC,0
0ZP5N8A,0
113L0WC,0
11AU4HY,0
11EROXI,0
11Q7JFW,0
12F0WZ0,0
12JBK0S,0
12K0XP0,0
12KXYR1,0
12L79QD,0
12LAA0M,0
12NPPPD,0
12TPVNY,0
12Y5X5R,0
1356UKQ,0
13B9VIA,0
143MN1S,0
14AKHZE,0
14E64YO,0
14PTJAR,0
14S5U7A,0
15E6VNK,0
15K91I2,0
15SYX16,0
16DIXRV,0
16OAMMO,0
16YCJRD,0
170T0LO,0
175ACEH,0
1768G0P,0
17OYE42,0
17WW8KF,0
180DQ5U,0
184JVY5,0
18GG600,0
18MZT4E,0
18QLQ62,0
18UUIRL,0
18YKWD3,0
19UUO43,0
19Y74F3,0
1A0VMKS,0
1A892BZ,0
1A9SMQ4,0
1A9V9ML,0
1AP8VDQ,0
1AR5HGZ,0
1ASJKAW,0
1AWLOQQ,0
1B9UMA7,0
1BB9A3U,0
1BHINKZ,0
1BRV8ZH,0
1BV9LS8,0
1BZ4SGI,0
1CE0FXA,0
1CHAISE,0
1CILLFH,0
1CUHNW9,0
1D1CUXY,0
1D8J5GS,0
1DGETB8,0
1DRQX95,0
1DSNYM0,0
1DY15LV,0
1E1C3IN,0
1EU98YU,0
1F1KOTL,0
1F7S4BX,0
1FC32UG,0
1FD0H6F,0
1FHXVVL,0
1FON9ZU,0
1FONKDO,0
1G03J8R,0
1G26QYF,0
1G3M9F5,0
1GJMKH8,0
1GORHQO,0
1GRNDTV,0
1H1949N,0
1H4EQGJ,0
1HR9YCN,0
1I1GQ3B,0
1I87VCD,0
1IBR2FN,0
1IJ9TAX,0
1IOH6IG,0
1IP9XYK,0
1IR08CE,0
1JLFW3I,0
1JM61EH,0
1K31TOD,0
1K9H7A9,0
1K9O4VQ,0
1K9S9PM,0
1LWKHOD,0
1M3V3OB,0
1M542KV,0
1MBI8HQ,0
1MG781S,0
1MHPLTV,0
1MHQM57,0
1N81W1F,0
1N8NSH1,0
1NA8QXB,0
1NSSW40,0
1NXOYQN,0
1O3ORS6,0
1O6QEW2,0
1OFPCFC,0
1OIPLKX,0
1OV9QC8,0
1OW6ULE,0
1P21O2K,0
1Q6TUEM,0
1QAE16E,0
1QKTLJE,0
1QQW9CU,0
1QXEK1Q,0
1R88X44,0
1RQD2X8,0
1RQEO23,0
1RR0Y6C,0
1RYA8B5,0
1RZN8I3,0
1SLR71V,0
1SPJ5KJ,0
1TERHVW,0
1TPBBKA,0
1UGT796,0
1UJ8VNU,0
1UM1SD7,0
1UON1RT,0
1USODE9,0
1V61S22,0
1VIMY32,0
1VP88Q5,0
1VXPHKN,0
1W7KDTX,0
1WGTE95,0
1WHGD9Z,0
1WLRCU0,0
1Y4QA23,0
1YGRUKF,0
1YIMUR2,0
1YPQLO4,0
1YPW4YF,0
1YRBDWT,0
1YSJYCT,0
1YUKTX0,0
1YW7WT1,0
1ZI8M7E,0
1ZI8ZSZ,0
1ZN0OXL,0
1ZZU3IR,0
201YBKV,0
20UYMD5,0
20ZBT5M,0
21JC8PX,0
21M5HDF,0
21Q87AQ,0
21Y1625,0
227JP4E,0
22LQQCL,0
22VCTJH,0
23HUXCY,0
244J85K,0
24DO5TD,0
24HJ429,0
24RO02C,0
24UQJ5I,0
24VH4H4,0
2510O5K,0
2561ZGJ,0
25737E9,0
25FFK0U,0
25GK2TA,0
25U943Y,0
2631X14,0
267N5A8,0
26OH07T,0
275R74C,0
2784CAE,0
27A3MXP,0
27GPOIC,0
27ZXFSM,0
289CWU4,0
28HZNAW,0
29HHTBH,0
29NSVUG,0
2AAGRFG,0
2ABSZ63,0
2AC1Z4Y,0
2AH7622,0
2AI4597,0
2AKGWGH,0
2ARTP8N,0
2ARZ1OL,0
2B2FYSI,0
2B3U82F,0
2B4LFD4,0
2BBMC11,0
2BVP5QV,0
2C29BYK,0
2CI255X,0
2CJ7OBH,0
2CT3X8N,0
2D0ZF96,0
2D53IE6,0
2D6EHYA,0
2DHVG75,0
2DK2I9W,0
2DT0PJS,0
2DWLEUN,0
2FZDZX5,0
2GLHU2R,0
2GRADCM,0
2H2K4QE,0
2HAVF9U,0
2HBAGMF,0
2HCFOE3,0
2HD6EMN,0
2IPH3V2,0
2IULJOQ,0
2J39IY5,0
2J91RQQ,0
2JJJR1T,0
2JSR910,0
2K2MG9U,0
2K3RDPM,0
2K5QZCI,0
2KYAI1S,0
2L2XPWT,0
2L3UQAQ,0
2L6PZ74,0
2LG7ELQ,0
2LHDLZ0,0
2LJOQ5D,0
2LKX7FF,0
2LLN3RR,0
2LOS5ES,0
2LQRKG1,0
2LR908L,0
2M1723N,0
2M56R6U,0
2NE9LF8,0
2NI8701,0
2O01PIZ,0
2O2VKQ1,0
2O615LV,0
2O8MDN1,0
2OGUYV5,0
2OJELUD,0
2P5J05Q,0
2P6C6WU,0
2P9A91D,0
2PF508C,0
2QGOGUG,0
2QUCZHP,0
2QXJ155,0
2RAZSFL,0
2S1SA17,0
2SN4NYW,0
2SVBW24,0
2SVV6TY,0
2TFOLIP,0
2TJW4R9,0
2TMOD9L,0
2TUDUXX,0
2U06F00,0
2U4O2QH,0
2U5W13T,0
2UU5LBG,0
2UVAC12,0
2UWMIZE,0
2UWP67K,0
2V1N6YR,0
2VKQNUQ,0
2VKUIGB,0
2VPH6G5,0
2W10P7R,0
2WMETFE,0
2WWVDEM,0
2X1581O,0
2X74CKF,0
2XEQV61,0
2XGFHUK,0
2XNO0CI,0
2XZ8RW4,0
2Y0JRLS,0
2Y6KGFL,0
2Y7QBWE,0
2YGWAXS,0
2Z3GNJ7,0
2Z7D1E4,0
2ZPD3H5,0
2ZZDX4U,0
30MTKD4,0
30SQGTI,0
3135HEJ,0
314XWHF,0
316M480,0
3197J32,0
31LQUXB,0
31OL8N9,0
31P0K34,0
31S974X,0
31VG5OD,0
31X3S4S,0
320G6KR,0
325I9UL,0
32C0A33,0
32FN3HQ,0
32I1MK2,0
32WL3RQ,0
338D1QS,0
33CICFM,0
33HCGBA,0
33VTXDE,0
34KLMJ7,0
34RG8OS,0
34SJ0WO,0
34V2JD1,0
35G6I2L,0
35JICYR,0
35JUCCR,0
35ZXXLS,0
36ET6KK,0
36UKYPU,0
36WM0DR,0
36YBCNE,0
3780D61,0
37CW7JW,0
37HY8AB,0
37SOGMD,0
37VMDPX,0
380WJDR,0
384VERI,0
38IIV7O,0
38KAWTD,0
38P7DL6,0
38SMIQ3,0
39IKGU7,0
3ADSMO6,0
3AZ7084,0
3B0USFM,0
3B2AGCH,0
3B2N7LV,0
3BLI4JU,0
3BZXI1M,0
3C89EGH,0
3CFOCEH,0
3CWVNIB,0
3D1Q7KS,0
3DOUXL1,0
3DSTX6U,0
3EF5555,0
3EZTTLM,0
3F5WLPB,0
3F65EZE,0
3FHXKYK,0
3FJUY1L,0
3FOTVHV,0
3FSJDYW,0
3FSVEYH,0
3FXC4NJ,0
3G6BH28,0
3GAFGHM,0
3GIUFXV,0
3GT7ELP,0
3H6M444,0
3HW5O7J,0
3I0E5SI,0
3I78S34,0
3IGGVY7,0
3IHZM9P,0
3JDNHYD,0
3JHJA0D,0
3K4ZNI2,0
3KG05AM,0
3KLBQWQ,0
3KLY29V,0
3KRL0KA,0
3KY2HRR,0
3L0TL77,0
3LALF1T,0
3LH8K69,0
3LI82PK,0
3LJCXKL,0
3MLVS4D,0
3MSHMQW,0
3N5GY5J,0
3N5YL9I,0
3NQIR2Y,0
3NUMWXI,0
3O5WA1B,0
3OA0G45,0
3OACKAV,0
3OBAE0P,0
3OCXWTR,0
3OH4H7Z,0
3OJJYOO,0
3OLL3A8,0
3OOLBQK,0
3OZ1ECT,0
3PJINAD,0
3PSQ5Y1,0
3Q24XX0,0
3Q78KPI,0
3QWGV4P,0
3R1U990,0
3RE4YD7,0
3RL42O9,0
3ROQRCG,0
3RQ6DDU,0
3S12X2P,0
3SCYD4I,0
3SEAAV1,0
3SJ51XN,0
3SS1WAG,0
3SSHPBX,0
3THULSJ,0
3TKP4M2,0
3U2L8FG,0
3UPC4K8,0
3UQPLRS,0
3UXYHLZ,0
3VAANJU,0
3WFAQTF,0
3X3JNXB,0
3X3WNTR,0
3X6ZPPU,0
3XV72VY,0
3XVJ4YN,0
3Y1EW0W,0
3YE6B16,0
3YJWZ4W,0
3YOY6QJ,0
3YYQCTI,0
3Z6YNGA,0
3ZICWBL,0
3ZWA47Q,0
40WNOAQ,0
41D69Z1,0
41DGDBX,0
41I2KH0,0
41NWH0G,0
41QVH42,0
41V43DG,0
42YEFMZ,0
43AGYEM,0
43MSMIY,0
43QM7TX,0
441XN7L,0
447EMXP,0
44CYNBL,0
44FT40G,0
44JR273,0
44NBH9P,0
44PIBC6,0
44VHSDH,0
44XEX1S,0
45BZ8KN,0
45L9KJX,0
45S72TX,0
45UIGDD,0
462NQ6G,0
46CCJVQ,0
46DT6LR,0
476JW08,0
47DZJ44,0
47FSAQ3,0
487R2ER,0
487XLC3,0
488IZ8W,0
48BP60K,0
48BZKV6,0
48P41GF,0
48R3MES,0
48Y2QMS,0
4984UXZ,0
49K22M5,0
49NB4TW,0
49Q5M8L,0
4A2XVF9,0
4A8L1WP,0
4AN1ETY,0
4B5MF8V,0
4BCQVLT,0
4C5B123,0
4CCL6QC,0
4COML83,0
4CQHTP8,0
4CYFZYJ,0
4D0TY7S,0
4D2927C,0
4D68TVI,0
4DT2B5Z,0
4E0BDFW,0
4E0HUGT,0
4E3EGN3,0
4E551E7,0
4E8I9RO,0
4EFVX67,0
4ENHKL5,0
4ESGY19,0
4F01108,0
4F8C4NH,0
4FZEG9E,0
4FZU00T,0
4G6OD17,0
4GEG8TY,0
4GND6PG,0
4GOWWS1,0
4GUSFBM,0
4GX8VUR,0
4H5X91E,0
4HOZPIV,0
4HPRPPX,0
4HWMHOJ,0
4HYK82C,0
4I0VOJC,0
4I3O3D8,0
4IV59U8,0
4J3FHW9,0
4J959U4,0
4J9ZLXJ,0
4JLTBPB,0
4JP46I4,0
4KBG2JM,0
4KK2ECZ,0
4KM1M1P,0
4KSURGT,0
4KTAF3Y,0
4KVCIBH,0
4LIG2U7,0
4LVI5EG,0
4MA0ULH,0
4MJL7MQ,0
4N21156,0
4N9L0G2,0
4NI9B8A,0
4NRO90W,0
4PWZZLE,0
4Q376O3,0
4QBSOU6,0
4QH4OCN,0
4QIAXMQ,0
4R1LYQP,0
4R4YHNF,0
4RPHQDK,0
4RQAUT3,0
4SB0YLL,0
4SCA2BT,0
4SMZ3ZC,0
4T9OTEJ,0
4T9RHH8,0
4TDVQEM,0
4U8E88K,0
4VE98IV,0
4VHOOW1,0
4VSKBSV,0
4VW1JG8,0
4W18QNK,0
4W7O08X,0
4WIYF9Z,0
4WSN546,0
4YIMPBF,0
4YNX5VX,0
4YX3B30,0
4ZFSWNS,0
4ZRRF39,0
4ZRSLB3,0
50EUQ0L,0
50FIBRH,0
519EJDV,0
51US2PF,0
53LLDJS,0
53PDWD2,0
542D81V,0
542SPU2,0
543T4OB,0
54RDPSL,0
54Z726T,0
55FCXPG,0
55S6JES,0
55VNQ92,0
567ZAQW,0
5682OL2,0
56EXXHA,0
56I9H5A,0
56KMB77,0
56NPSTZ,0
56W0JXO,0
57RQG8M,0
58P8DRM,0
58T7FI3,0
58W38SL,0
597XQEM,0
59A87I2,0
59N3T1Y,0
5AB1W32,0
5AR9T9X,0
5B4KJ9L,0
5B50PL0,0
5B6V98F,0
5B9U6TJ,0
5BTCLBV,0
5BUL87R,0
5C3PAE4,0
5C3SYB6,0
5D3B5KF,0
5DCUPH1,0
5DL14GC,0
5E6XVUU,0
5E8SAS4,0
5EDQ7W1,0
5EFQ9N3,0
5FFQL5R,0
5FIMOJ2,0
5FWCPID,0
5G2I6RG,0
5HEOXG3,0
5HOVN8N,0
5HUPGBM,0
5I4C4FI,0
5IC2193,0
5J7KV7D,0
5J8G32Q,0
5JHYA2L,0
5JJQGZX,0
5JS3778,0
5K809A9,0
5KD0JFS,0
5KW9KDE,0
5LNAVH7,0
5LTEML8,0
5LZRLDI,0
5MAHPKR,0
5MXINK3,0
5NRST2I,0
5OK8GBX,0
5P7C0AN,0
5PQWEO2,0
5Q85LZ1,0
5Q93Q9C,0
5QLY29M,0
5QT0CKS,0
5RGOV9J,0
5RH3ML9,0
5RMTJFN,0
5RRSNX8,0
5S4FM6E,0
5SVOBDN,0
5T0NQNC,0
5TEUB2O,0
5TK6Q6V,0
5TL6ZHR,0
5TQAMK8,0
5TQU4WR,0
5TRKUIB,0
5UA61AO,0
5UHKF9I,0
5UNWWXZ,0
5UQWWTO,0
5V72SEU,0
5W5B7G5,0
5WHN8X7,0
5WYYXJ6,0
5X0TO3K,0
5X9DBLA,0
5XAI6D6,0
5XC37WT,0
5XJ18VT,0
5XO1VJJ,0
5Y3A8BE,0
5YCSP6V,0
5YFBNIV,0
5YHDZFC,0
5YV4WQF,0
5Z1BALW,0
5Z6I5U9,0
5ZDFTAE,0
5ZETLRN,0
5ZQ0W7S,0
601083A,0
606NEYQ,0
60S0PH4,0
60W2YPO,0
60ZAZSF,0
61JUKPE,0
61V1VLK,0
61V7TLI,0
61WJKEQ,0
61XRJ9F,0
61YHUPM,0
62PA5ER,0
636FWY8,0
63DYHKN,0
63H3SYA,0
63HEUQN,0
63HF165,0
63XEAW4,0
63Y3KE7,0
644U7VF,0
645ADGM,0
64A9X07,0
64Z2XN4,0
64ZCGQF,0
65DFG16,0
65F160A,0
65KWFXT,0
65MICD7,0
65U8Z66,0
65W54GY,0
65ZO1JA,0
668QGOM,0
66M9ADQ,0
66SR1VL,0
67LQS3M,0
67XKSR3,0
67YV8NK,0
683MG74,0
6849PGG,0
68NHKW0,0
699PEXB,0
6A4SQ6V,0
6A8UDMH,0
6AC7IOY,0
6ANHTUM,0
6BN72MC,0
6BUHI5A,0
6C2MXIJ,0
6CJW64W,0
6CSH42B,0
6D17H92,0
6D60ZIO,0
6D7K301,0
6DGFX3G,0
6DN449R,0
6DXTRT4,0
6E7U3J2,0
6FE1VYI,0
6FLE0NQ,0
6FVS0UE,0
6GESQS3,0
6GL25ZE,0
6GRJ8VT,0
6GSMVEW,0
6H5G06R,0
6HLCE05,0
6HZL8Z1,0
6I37JUV,0
6I77MTH,0
6IK0BHJ,0
6IM3FDM,0
6IOTXI6,0
6IX9QY1,0
6J67ZMY,0
6J6D8I2,0
6JEYVLP,0
6JFEWTM,0
6JKHKXU,0
6JSEO5B,0
6K3O0LW,0
6K7JUSR,0
6K9C54Q,0
6KAEC3N,0
6KCQ5JJ,0
6KRSQVK,0
6LMQYZE,0
6LQBFPC,0
6LYAYBH,0
6MMI1RC,0
6MNDV4T,0
6MY8F6V,0
6N2O52Y,0
6NAC8BV,0
6NAULSX,0
6NH3AX4,0
6NJQMYS,0
6NW6V26,0
6O2HJP2,0
6OHI5EP,0
6OSKBIM,0
6P7K3PH,0
6PLX85E,0
6PLZ03S,0
6QEYJQ4,0
6QGYPS0,0
6RE9WU7,0
6REMX5Z,0
6RFVSWF,0
6RUGZD7,0
6RWIK4W,0
6RWJVDP,0
6SFYBBN,0
6SL48NX,0
6SNALK4,0
6T11HPK,0
6TGHF7G,0
6TSOTUK,0
6U82NK7,0
6U86LWB,0
6UXAD0C,0
6V1LSLR,0
6VOE72D,0
6VQYSYR,0
6W55QIO,0
6WIKZA4,0
6XH94QP,0
6XLUCSR,0
6XUADYP,0
6Y06EO6,0
6Y8D9WK,0
6YWGCLC,0
6Z614K9,0
6ZDBTP1,0
6ZMGQZM,0
6ZP48JK,0
6ZWQOGV,0
6ZYACOB,0
70R9QYC,0
70RHUXF,0
70RQS6J,0
711ZYEQ,0
718SQJL,0
71LZLY3,0
71RTJ1H,0
72DLJBT,0
72FP16X,0
72QXLMW,0
72Y49VQ,0
730WY8I,0
73AOIW9,0
73DNZU2,0
73Q1LWK,0
74DW007,0
74KMVXE,0
74M8WXW,0
74QJ7D5,0
7545YI0,0
75486RH,0
763DTAV,0
76ILCPX,0
76PJNB8,0
76QSAEM,0
770ADXK,0
77SWLN9,0
77X4M6R,0
78CCJ1W,0
78I3LO2,0
78N1D07,0
78S6Y0K,0
78Y5THE,0
79L4P0R,0
7ALCHGD,0
7AOPQ7I,0
7ATNABD,0
7AXGX5N,0
7AXWSZ8,0
7B58W8F,0
7B6Z115,0
7B7Y1AR,0
7BFZAPB,0
7BIQNA0,0
7BQ1T4I,0
7CEBEHH,0
7CPR6R1,0
7CRMA4A,0
7CWYG5G,0
7DC8WX2,0
7DJ6GXA,0
7DNF7J3,0
7DP4IRV,0
7DS4SKW,0
7DWXMQY,0
7E691VP,0
7ESW1SZ,0
7FB748D,0
7GZYO3D,0
7H6F3PJ,0
7HBIKEH,0
7HCN8G3,0
7HJQ7CZ,0
7HSCQJM,0
7HW4BSL,0
7HZUZXX,0
7I1HYH0,0
7I1LUMY,0
7I9HF9M,0
7III64V,0
7ISZM8B,0
7IUE1AR,0
7JEVHIT,0
7JRLHSQ,0
7K65MFA,0
7K74VWH,0
7K7L2ML,0
7KC6FD2,0
7KUIXXW,0
7KVCTDH,0
7L11AQF,0
7L1QY8Z,0
7L5CZWD,0
7L7M8J6,0
7LB8AP1,0
7LM8WNB,0
7MB3CWX,0
7MB4B3F,0
7MB9CN1,0
7MI9SFB,0
7MKNEUA,0
7N64CR3,0
7NELUMG,0
7NQ9PAK,0
7NR24KO,0
7OQYKCV,0
7ORGNYK,0
7P5B1FS,0
7PF8LPD,0
7QZHM71,0
7RVPYO5,0
7RZZD7L,0
7S2U4U5,0
7S8MDLL,0
7SGAMP2,0
7SLLMBO,0
7SMI4MK,0
7SZ9RM5,0
7TCHSXC,0
7TOS13E,0
7UKFA7S,0
7URN926,0
7UU5VYX,0
7V2332A,0
7VER1BP,0
7VJVSTX,0
7VMJ2O9,0
7WAGB86,0
7WEOQSA,0
7X1VG7O,0
7XBF01I,0
7XDFNX5,0
7XLFXI7,0
7XUSFIH,0
7XX101A,0
7Y0GYAU,0
7Y0M374,0
7Y4QV3V,0
7Y6D01C,0
7Z1Z0CR,0
7Z2GNSF,0
7Z3BIUA,0
7ZD7Z4J,0
7ZH5WAJ,0
7ZZ8W3K,0
801WUDB,0
80I6IP7,0
80IG240,0
80J2EKL,0
80K1GCY,0
80QA00S,0
80UY1GB,0
810FI4T,0
810XP4K,0
817MAPV,0
81FOB1Z,0
81QNVAT,0
81ZDS4O,0
8232P8E,0
8297J7C,0
82OB875,0
82ZMS27,0
83JPSIE,0
83M3D6U,0
83NJU2D,0
846NLDV,0
84QM19R,0
84VO8ZW,0
84XWM6C,0
854V6UG,0
85JUGZR,0
85OB6ZC,0
85VF2IW,0
85WVVII,0
86HV8O6,0
86IDRUH,0
86MCHH1,0
86XSH2I,0
873ZINE,0
87F8FOW,0
87W6BH3,0
88CDX1I,0
88QSD9E,0
88WQUVE,0
891LI26,0
895GZT2,0
8A06DUD,0
8A3L9TV,0
8A4GDV4,0
8AITLOB,0
8AVGUUO,0
8B73ONC,0
8BGO1Y3,0
8BIKNAU,0
8BKKZM2,0
8BY93PD,0
8C66E3Z,0
8C83IUG,0
8CBS6DL,0
8CSKPJM,0
8CY8NDY,0
8CZR1LF,0
8D7NPOM,0
8DAVEUZ,0
8DKN0GY,0
8DQGHCG,0
8DU6ZHR,0
8EI0QE5,0
8EM5IXU,0
8EMDQRO,0
8EO64CU,0
8F7DOSU,0
8FBLISE,0
8FNBBUQ,0
8FR72GB,0
8FZC0SM,0
8G6P38J,0
8GECFBJ,0
8GP2S34,0
8HCPTJZ,0
8HGGZJE,0
8HL55JT,0
8HQMEO6,0
8HTK1W3,0
8HVOKXN,0
8IBUVCA,0
8IPSWAA,0
8J717T7,0
8JB9PB3,0
8JL4M4O,0
8JMDAF4,0
8JTYTK5,0
8JWH7OA,0
8KJMIOE,0
8LJANQW,0
8LK5E68,0
8LKDEV8,0
8MA34FL,0
8MC8CMZ,0
8MKFZJO,0
8MNOUJT,0
8MX4FEI,0
8NIKH2X,0
8NQXT1E,0
8OH1PQW,0
8OJ7UQG,0
8OMGZ9J,0
8P0YVNS,0
8P1UAO4,0
8P6MQ33,0
8PLHP12,0
8PQLSGJ,0
8PZU2NJ,0
8Q90QCI,0
8QB3YXM,0
8QKS21F,0
8R4YY9U,0
8R7NY1W,0
8RTVYVQ,0
8SJRLC0,0
8SSN3XJ,0
8T4A0PY,0
8TGV9ZF,0
8THS9YO,0
8TJ3OWY,0
8TOR0F6,0
8TU80AY,0
8U7HI0C,0
8UG0JMI,0
8UGA6V5,0
8UIW64K,0
8UUA4WI,0
8V3R0TR,0
8V4I3J3,0
8VZFT21,0
8W25U0S,0
8W2KT1L,0
8WII4K8,0
8XQOH5A,0
8XSGO85,0
8YH8M4T,0
8YKW72J,0
8YLI1EJ,0
8YS7CTS,0
8YW5S9W,0
8YZ9EZW,0
8Z5TOFH,0
8Z6Y4DJ,0
8ZG1KOO,0
8ZN51GT,0
8ZPJNQ6,0
8ZSID4U,0
8ZYO16C,0
8ZYS3LL,0
90A44G9,0
90CB287,0
90PZM8H,0
90QPOX2,0
9109CJ3,0
91BJX6L,0
925DVG4,0
92LGNIM,0
92YSVHG,0
93GBJMP,0
93J9V24,0
93QZ9EK,0
93VH86X,0
93ZHN1R,0
9445TL3,0
945483Z,0
94EWRCD,0
94FBGEE,0
94LZJ5B,0
94O2ODJ,0
95AR484,0
96EY6QN,0
96MFYVH,0
96R43NJ,0
96RE34N,0
96W2461,0
97L8AQ5,0
97QYD1C,0
9850WGO,0
989BHGI,0
98T2YQ7,0
99ERX3R,0
99U23Y4,0
99UCALJ,0
99WA45E,0
99ZPLHQ,0
9AFR086,0
9AG5KT7,0
9ALJE5E,0
9B13OWE,0
9BBJBPF,0
9BFV1B7,0
9BYFZ8W,0
9C9JJRH,0
9CKI2UC,0
9CQWOJF,0
9D124OR,0
9D22AZT,0
9D2ZKY0,0
9D7HOJH,0
9D9VOHX,0
9DG3ZLX,0
9DH4HYC,0
9DI2662,0
9DOJLPF,0
9DWF42Z,0
9E027WX,0
9E1NCG0,0
9E67VDC,0
9EE2IJX,0
9EM97L6,0
9ENA12U,0
9EU4QW1,0
9EWJQH6,0
9FCMYFD,0
9FKXNBT,0
9G9ICCK,0
9GI6YKH,0
9GLSTNN,0
9H79TBJ,0
9HMSW2V,0
9HXU1RM,0
9I792H1,0
9IIFSQI,0
9IJ22GA,0
9IJJCQB,0
9IQYVSG,0
9IVL4S1,0
9IYOZVW,0
9JWL0PW,0
9KFTCP6,0
9KRD2TT,0
9KTZ0AP,0
9KWQ83C,0
9KZIKEG,0
9L0595F,0
9L3TP47,0
9LEMRZ6,0
9LIW20W,0
9LNHCD0,0
9LR9KY6,0
9M3KVVR,0
9M5IDAL,0
9MC6FLY,0
9MTNTPM,0
9N42TZL,0
9NDOL16,0
9NDS9C9,0
9O1JGZH,0
9OBM15I,0
9OJCYG0,0
9OKEHR4,0
9OYUARM,0
9PEMM2Y,0
9PFFSRQ,0
9PH4QRV,0
9POXGLW,0
9QC5U0I,0
9QCUYC7,0
9QGR23A,0
9QSLMJO,0
9QXRUS9,0
9QZB2KG,0
9RCGSQG,0
9RNM1U9,0
9S4N8ZN,0
9S81WZ0,0
9S8OYKH,0
9SHO7PR,0
9SJFJXD,0
9SWSG86,0
9TASG5K,0
9TF3XTH,0
9TJAIEG,0
9UV9BDH,0
9UXL5VE,0
9V3FKB9,0
9V7ZSL0,0
9VCH5K0,0
9VHAM97,0
9VRF9HA,0
9W6HWF7,0
9WDZOMB,0
9XBHRQC,0
9XI3T49,0
9XI4SHG,0
9XIUQ6X,0
9XSE96G,0
9Y14HPH,0
9Y5WSCF,0
9YEDPVE,0
9YTLV40,0
9Z4L7R0,0
9ZB0QTY,0
A0MDIY4,0
A0W3TVR,0
A0ZNWZ6,0
A1GC9KN,0
A1KVBQJ,0
A1YSYCA,0
A2QQVHR,0
A31H9ND,0
A36KCX3,0
A38B8WE,0
A3MJUGV,0
A3SMKY2,0
A49FZ2X,0
A4LDWYT,0
A4Z1WUW,0
A5EDCDU,0
A5IRGUL,0
A5O8EWG,0
A6MR659,0
A7FDNDN,0
A7TR73S,0
A81R5DZ,0
A86S2NZ,0
A8AIUY3,0
A8XFU1B,0
A8Y237Y,0
A8Y49ZJ,0
A92JKLT,0
A97IQ89,0
A986X8E,0
A9IUECA,0
A9UBY5R,0
A9UHF52,0
AA1KVIB,0
AA4ZXQE,0
AAJSA05,0
AANL8VL,0
AB3XDY7,0
ABOPEC5,0
ABTUOZL,0
ACCBLIW,0
AD4EUVQ,0
ADDGR1W,0
ADIW8C5,0
ADMDMEG,0
ADP9NA1,0
AE4JZTU,0
AE89QN2,0
AE8OK4E,0
AEETQ8W,0
AETI2G5,0
AF6PKNW,0
AFH5FHF,0
AFIMQ6E,0
AGBLPDQ,0
AGES36G,0
AGKC77D,0
AGMJY5T,0
AGW174J,0
AH7CU1P,0
AHTUV55,0
AID44YE,0
AIEA1G7,0
AINMJ7Z,0
AJF93AM,0
AJG3CAC,0
AJHPJI6,0
AJLCMXI,0
AJPPU9E,0
AJTFYAG,0
AJWX7XT,0
AKVAKMC,0
AL1RNZN,0
AL3KEWU,0
AL40CGX,0
ALPB0G3,0
ALSEPDM,0
ALUIJH5,0
ALZ0LSZ,0
AM92PZB,0
AM98BC5,0
AMDNLXG,0
AMLBG29,0
AMRBEUB,0
AMVPNZL,0
ANG2MMD,0
ANW5U9Y,0
AO7C63V,0
AOBN7E9,0
AOIHK36,0
AOSJQK1,0
AOVPUZ6,0
AP4YJJ7,0
AP6N4ZS,0
APP11PP,0
APQJJD3,0
APUBDWS,0
APYC3T5,0
AQENFN0,0
AQFAN4F,0
AQGZYHV,0
AQYJ37W,0
AR1SMSP,0
AR6W7UV,0
ARBYRSI,0
ARWU38Q,0
AS3SFJP,0
AS85O9M,0
ASDEP72,0
ASNHE1Y,0
ASY4GQS,0
AT10WLN,0
AT2SJB4,0
AT2VVTY,0
AT4KE7V,0
ATEQDPN,0
ATF0Q95,0
ATUGFV8,0
ATZOXLP,0
AU0PZ0L,0
AU9H77W,0
AUCNYLV,0
AUSE0ZN,0
AVDKPKO,0
AVEQQ82,0
AVIUMIQ,0
AVM2820,0
AW968WA,0
AWGSUL4,0
AWVP3SH,0
AWWMS3V,0
AX1166G,0
AXDZ22T,0
AXXKB3I,0
AY6NRZG,0
AYHC652,0
AYYY0A3,0
AZ0ISYU,0
AZ56NLM,0
AZ6OFW5,0
AZEZD5A,0
AZF9T0Y,0
AZK93V5,0
AZQW9P1,0
AZUF9GZ,0
AZY7EC6,0
B05GH9K,0
B0KLR3T,0
B120LGC,0
B1GAVTG,0
B1GV8LW,0
B2CD26W,0
B2H05FO,0
B2PG2VB,0
B2XCG0K,0
B325MJI,0
B332EPW,0
B34PO4F,0
B3TC7QF,0
B3TV4GD,0
B4FW1EV,0
B4HDDLX,0
B4N8E43,0
B4VMPP9,0
B51HDLA,0
B5N5ODJ,0
B68XROR,0
B7BHX9P,0
B7KCLS9,0
B85PBLX,0
B8KFHGP,0
B8LTHQV,0
B8NX7IF,0
B8PRXZO,0
B97AMF5,0
B997VV0,0
B9AQY95,0
B9LSNI8,0
B9QQTLV,0
B9UGW0D,0
B9ZIUHV,0
BA23ETV,0
BA2X381,0
BA5HNHU,0
BA66SKC,0
BA8E9T9,0
BAGOZ7V,0
BAH84LK,0
BAY1MG0,0
BB3NZ0J,0
BBFHIGX,0
BBH4E59,0
BBZDUG5,0
BC8UNY0,0
BCLQ2VJ,0
BCN9NPC,0
BCWN2KB,0
BD6739G,0
BDDLILU,0
BDX0YBL,0
BE31PG8,0
BEM8FSQ,0
BENB5D1,0
BER0932,0
BFB0MZ8,0
BFG7I9X,0
BFI609U,0
BG5MR9V,0
BG68IGT,0
BGAZVL9,0
BGGE5XU,0
BGHZ2QS,0
BH6LJZ3,0
BHG9VIT,0
BHMALH2,0
BHZIGW9,0
BI611IJ,0
BI83II5,0
BIASRNF,0
BICGLA0,0
BIN4BWL,0
BJC1SN8,0
BJCQ72I,0
BJQU82Q,0
BK0E7BI,0
BKE0GS3,0
BKPJJBQ,0
BKQDDWK,0
BKTESPE,0
BL483I6,0
BLG3FT7,0
BLOFUCJ,0
BLP4E42,0
BM11E8I,0
BM9DAPT,0
BMBPVJ8,0
BNDS1AG,0
BNLC1YN,0
BNOA2SI,0
BO3IAH2,0
BOAZRSZ,0
BOBWIZ6,0
BOJVSZ1,0
BOKU274,0
BOM463R,0
BOPL2VU,0
BOWBY42,0
BP4HAN5,0
BPA0LU0,0
BPD4AVF,0
BPFLTP5,0
BPYPD4H,0
BQ0INL0,0
BQ0KWLR,0
BQ4NUZJ,0
BQ9BE7Z,0
BQ9MD5W,0
BQD91FQ,0
BQLKXVF,0
BQTKP2X,0
BQTXFO2,0
BR7V1B6,0
BRFV1CT,0
BS54GIP,0
BS6Y5AE,0
BS72NCF,0
BS7I4E7,0
BSHOKGG,0
BTK9ZHN,0
BTRWPKT,0
BTSGXE8,0
BU1DQMR,0
BU3JH1P,0
BU3R3DX,0
BUHIRPK,0
BUKG64T,0
BVLHKA6,0
BW0VJB7,0
BW545IP,0
BWDLPA4,0
BWPU4Y2,0
BWWV14M,0
BX0CYIZ,0
BX1PNZ6,0
BX27TPW,0
BX7EMCE,0
BXEQN60,0
BXEW3DI,0
BXGVN54,0
BXHF7I6,0
BXOR2L2,0
BYJ6T5I,0
BYN2JKK,0
BYQGSLK,0
BZBOEUR,0
BZFOS1K,0
BZHFQCF,0
BZPWD41,0
BZXC7ZY,0
BZXPYDI,0
C00HQJZ,0
C06VJ0D,0
C0X1Z7E,0
C16RWLT,0
C1FKAW8,0
C1MF139,0
C1MOQTA,0
C1OSR8U,0
C1SIX0Q,0
C24C4ZI,0
C2CYCWK,0
C2GERS9,0
C2KDY30,0
C2QEILB,0
C2W5M45,0
C2XGD2Q,0
C3E4LCE,0
C3M49EG,0
C3QKJUQ,0
C3QZT5Q,0
C49D8YN,0
C4DL780,0
C4KKETQ,0
C4ZA4LG,0
C503V6Q,0
C56MFN3,0
C5GBUTB,0
C5IHY1C,0
C5LVOAY,0
C60ZIT3,0
C6FCEBS,0
C6M0YHC,0
C6NMQJS,0
C6TX181,0
C71D3A7,0
C7NSXWJ,0
C7NTQE7,0
C7RZXS2,0
C7U3UVO,0
C8CCIA2,0
C8DQZT9,0
C8ICOIF,0
C8X160P,0
C9FBWRV,0
CA1VR5R,0
CA5CHMN,0
CA5JTDM,0
CA7ZGED,0
CAYB8EF,0
CB3X029,0
CB5P4TM,0
CB61XZO,0
CC1G80E,0
CCQ9BMN,0
CDCOJF0,0
CE2O47Y,0
CEBRGZX,0
CEFAGHF,0
CELOCPP,0
CF3LVGW,0
CFHS0ET,0
CFM74B5,0
CGOTR11,0
CGQJ89F,0
CH58LE2,0
CHAB2HW,0
CHAY5NZ,0
CHL6YQ1,0
CHLS0Y4,0
CHQ2Q0I,0
CHYBRH0,0
CI0F8ZJ,0
CI1AL7Q,0
CI9ZS3W,0
CIF0WXA,0
CIOSEM2,0
CIPD0VS,0
CIX838X,0
CIXNIAP,0
CJ1DUGO,0
CJGJCMA,0
CJHCZSM,0
CJKTFOT,0
CJRQM6R,0
CKE1AM1,0
CKQITYN,0
CL5JDMN,0
CL9UUCD,0
CLJ0CLG,0
CLS9I02,0
CLXISYK,0
CLZB6O5,0
CM784ZW,0
CMI6RQG,0
CMO714M,0
CMP77CK,0
CMQY9DR,0
CMRTJBR,0
CMW12PT,0
CMYI7J5,0
CN10Z5Q,0
CNLWXQM,0
CNS5HE6,0
CNV3Q33,0
CO14RKW,0
CO80QNU,0
COFE61J,0
COWZPCL,0
CP8BNHM,0
CPD05VQ,0
CQ2AYPT,0
CQ6B42P,0
CQDXX50,0
CQMWVA7,0
CQZX0IF,0
CR8Q1P3,0
CRKGW6W,0
CRNBXBD,0
CRQM6SZ,0
CRQRX30,0
CRT7BQS,0
CRX1ZS3,0
CS8N34X,0
CSC2KIG,0
CSFMSWE,0
CTV452K,0
CTVTFW0,0
CUDZU6G,0
CUWCG03,0
CV2ZI8A,0
CV6C1D4,0
CV8E5KI,0
CVB2NV4,0
CVGHV4Z,0
CW7EMY5,0
CWEM1SG,0
CWKRR27,0
CWLGV72,0
CWXI0H6,0
CX2VNG5,0
CX6AUI4,0
CX9F4HQ,0
CXGDXHZ,0
CYLFQ08,0
CYO28X0,0
CZS3MPE,0
CZSTW6W,0
CZZQVK2,0
D09GVO4,0
D09PWXH,0
D0HNJ2E,0
D0J8CM2,0
D0MYOSH,0
D0TBWUM,0
D129846,0
D12HD7Y,0
D1A2Y4C,0
D1DDZOH,0
D1HE2OH,0
D1I9WUT,0
D1SFWTH,0
D1VMRRZ,0
D1X94IB,0
D25GRV7,0
D2PWK2I,0
D2UVEIS,0
D33HFLQ,0
D35H932,0
D39794I,0
D3CVNCJ,0
D3F659R,0
D46Z0PP,0
D49DSMP,0
D4B39A9,0
D4FHBS3,0
D4R3HDT,0
D56OJZC,0
D5VXAZA,0
D6EVOW8,0
D6OOBG7,0
D6QF4ZS,0
D6SY1XV,0
D6ZJ8ZX,0
D71U60I,0
D733O9D,0
D7B8G78,0
D7EECAQ,0
D7GRYHH,0
D7RA7IQ,0
D86PHYS,0
D8B80VB,0
D8GN1Y7,0
D8MUQAZ,0
D8N5XF8,0
D9OKSKR,0
D9WDTGM,0
DAA0KOY,0
DAC4Z3C,0
DADJZBU,0
DALAH00,0
DB6J96Y,0
DB6Y06X,0
DB9G2UU,0
DBRNSHR,0
DBS6JZY,0
DBX22WN,0
DC0WQI2,0
DC46ZJ3,0
DD6GBQ0,0
DDPYQ4W,0
DE3HDS6,0
DEAQIQO,0
DED56CX,0
DEJW3IQ,0
DEKYC13,0
DF2BBOU,0
DF2ULTO,0
DF4J1LC,0
DFIRXOK,0
DFM3RBK,0
DFTORW8,0
DG4O9PP,0
DGBT74M,0
DGDLPRN,0
DGFJXDE,0
DGQW52R,0
DIDULLQ,0
DIGHE6C,0
DJ0KA9I,0
DK2MJUJ,0
DKLTX19,0
DKRK5XX,0
DL2D43U,0
DL4KXDD,0
DLL6003,0
DLLE42K,0
DLP4VDA,0
DLWKQR0,0
DLX5GFU,0
DLZS4AT,0
DM13VTV,0
DMBU1AW,0
DMLC7T1,0
DMMECC4,0
DMOPH3N,0
DN1EZBJ,0
DND0RHO,0
DOQTA3J,0
DORUZHM,0
DP2ZM4Q,0
DP35K11,0
DP5QDU3,0
DP6ONEU,0
DP8VRW2,0
DPGUGYV,0
DPPYL00,0
DPXLY5J,0
DQ4Y6X8,0
DQBJ4JO,0
DQFX4EA,0
DQKXOLT,0
DQVT7EJ,0
DQVY09B,0
DRHXDAG,0
DRPV0PB,0
DS6LTTN,0
DS8STZ6,0
DSIZ8SI,0
DSZUOY1,0
DT3XHX0,0
DT65B4K,0
DTF1KV8,0
DTGJYCW,0
DTILH6Q,0
DTOCSH6,0
DTW1LHO,0
DU1GJ98,0
DU9OUVE,0
DU9SL7L,0
DUC6ZA7,0
DUEJJKU,0
DV93B4R,0
DVCN54P,0
DVJFDXP,0
DWHAI23,0
DWRX983,0
DWSRG0C,0
DX2QVTX,0
DX98XID,0
DXOSTHP,0
DY1XEDQ,0
DY53LEN,0
DY6ZDSY,0
DYNVOIT,0
DYSA113,0
DYT1WW6,0
DZC5ZN0,0
DZGMMKH,0
E09XLIJ,0
E0FVKV1,0
E0G1G7P,0
E0LSD7R,0
E1H8VNL,0
E1K5ISE,0
E1PK1PG,0
E1SR20G,0
E214ECO,0
E21TUFR,0
E22DRWN,0
E2HMNYE,0
E32E1DH,0
E37YDFX,0
E3GRGTG,0
E3HY6IR,0
E3K4I95,0
E3UG13T,0
E3VGMB5,0
E40591V,0
E42P0UN,0
E4CQL7Q,0
E502FBQ,0
E5K0Z0O,0
E5MDXVS,0
E5ROM0Q,0
E5V5CLH,0
E61IS7C,0
E62SOEJ,0
E64LL2E,0
E6K3S7T,0
E7HNKJE,0
E7JTM99,0
E7OTDKP,0
E7RVNFA,0
E7TE2P1,0
E87BQ2S,0
E8AB9YJ,0
E8R8O6Z,0
E8RBSQA,0
E8Z60CO,0
E8ZBSPF,0
E8ZZ5VK,0
E93NEY6,0
E93OM6J,0
E96NJM1,0
E9LFQCG,0
E9RQU2Q,0
EA0143K,0
EAAPIQM,0
EAE0SH8,0
EAK2IS3,0
EB606PZ,0
EBHND2W,0
EBVD23V,0
EBZ8ZL1,0
EC679CN,0
ECQ472I,0
ECWTFZS,0
EDEPE3U,0
EDKHQ8C,0
EDM5W9X,0
EE5A1DZ,0
EE84W84,0
EE9IB9T,0
EEDCWRK,0
EEQ3TJI,0
EEQG1HR,0
EF092Q1,0
EF10Y2H,0
EF5LF0D,0
EF9G30Y,0
EFBLEOZ,0
EFHTJ3Y,0
EFTGV9S,0
EFU54YB,0
EFZQ9EN,0
EG55BBB,0
EGCZ270,0
EGGN97A,0
EGKGOTC,0
EGRWX2B,0
EH180G8,0
EH8PCMK,0
EHBR3WQ,0
EHDPP32,0
EHKJRB2,0
EHMO21H,0
EHMY4L4,0
EHS6UDH,0
EI26OYE,0
EI7QIA0,0
EI7YKUR,0
EIBSURI,0
EIE0U0Y,0
EIKJK6S,0
EINRVNS,0
EIQQK58,0
EIYMCY9,0
EJ83BQX,0
EJNQ1P1,0
EJSFAH5,0
EK22KNA,0
EK6CXV3,0
EKRSH5E,0
EL2T5DJ,0
EL5EFE2,0
EMHAUHE,0
EN19AP2,0
ENAJ47X,0
ENIKDJA,0
ENMGFRK,0
ENU9OCI,0
ENWW5U1,0
EO1GGMM,0
EO94TQW,0
EOZ9B3Y,0
EPIGKUM,0
EPJO0PI,0
EPNAPJO,0
EPU4A76,0
EPV0IZA,0
EPYTBWL,0
EQGWEOS,0
EQHFGWJ,0
EQKCODV,0
EQSU74E,0
EQWY2U2,0
ER9JUTI,0
ERDKKFQ,0
ERL386R,0
ES38BWR,0
ES6LAT9,0
ESHCXA3,0
ESTOX90,0
ESX05B8,0
ET6LDCE,0
ETAV79U,0
ETJFVE7,0
ETJW7S8,0
ETO0XED,0
ETOJ4LV,0
ETSD8Q4,0
EU06A4C,0
EU3CYTV,0
EU3JL3I,0
EU4WG71,0
EUHCJB6,0
EUO56DS,0
EV2OKWR,0
EV9AY8R,0
EV9P7X3,0
EVETA1O,0
EVK2IX8,0
EVLH576,0
EVZ35AS,0
EVZ8HYS,0
EX12QR7,0
EX5LM1O,0
EX9F71H,0
EXB8406,0
EY992CA,0
EYBNZ66,0
EYQAAYO,0
EYTXTDO,0
EZ27Z7V,0
EZ5Q7PB,0
EZ76118,0
EZ8SYPE,0
EZQD5FW,0
EZRIS57,0
EZRU9XP,0
EZUBHBV,0
EZZ95OQ,0
F0CGZU5,0
F0CNF8J,0
F0ES5JA,0
F0ISD5J,0
F0J5UNE,0
F11ZYKL,0
F1HI0FQ,0
F21AUU9,0
F2N2HTH,0
F2OFEGS,0
F2QHXKX,0
F2QYIRM,0
F36CUI2,0
F39LP17,0
F3OG44O,0
F43GGTP,0
F4AEJLI,0
F4DYSC0,0
F4ISBFJ,0
F4KO58F,0
F4YEIQ8,0
F59VZIW,0
F5OLX6Z,0
F5TRDFJ,0
F5VRV0D,0
F5WDNFM,0
F6I4HG9,0
F6KF56A,0
F770XGH,0
F79I3T9,0
F7ADF15,0
F7VOTG6,0
F8AQFZM,0
F8D6QUJ,0
F8EGZ1E,0
F8L2OUL,0
F8N6SXG,0
F8QI0ZX,0
F8TQJZR,0
F912B9I,0
F9E0WPT,0
F9XL0MW,0
FAAPJXY,0
FAXPQIT,0
FB3C6BI,0
FB7AUOD,0
FBFGU8Q,0
FBH9JU8,0
FBKAK67,0
FBSN1O9,0
FBYRFRE,0
FBYX00K,0
FBZX5BP,0
FC3VO9N,0
FC8ACCW,0
FCA9B9E,0
FCD17O0,0
FCE941K,0
FDFTO2R,0
FDOLKIV,0
FE9KYOI,0
FEL1PBO,0
FEYAMWZ,0
FF7WR3W,0
FFMWMV4,0
FFYEDLN,0
FFYPCDT,0
FG3B7PP,0
FG63ERP,0
FG7APWP,0
FG89BRF,0
FH7IC06,0
FHDWC1A,0
FHSEGO5,0
FI5D007,0
FIAZ16H,0
FIE3TQ3,0
FIM3D11,0
FIPYIGK,0
FIYEQVN,0
FIZOH1V,0
FJ25ZXG,0
FJG8R0M,0
FJHL17S,0
FJNZ497,0
FKRMF0N,0
FKZ9DPO,0
FKZT8EO,0
FLJKGM1,0
FMH6NOV,0
FMXSEKP,0
FN09UYX,0
FN8WUFE,0
FNGCGEW,0
FNTJBQN,0
FP4R7JE,0
FP76C2T,0
FPC0TOG,0
FPOV2CT,0
FQ5FD54,0
FQI6DHE,0
FQIEBB4,0
FR3U7U2,0
FR44CZY,0
FRCHYB8,0
FRTEVGR,0
FRUXTK3,0
FS5NHLA,0
FT2KJQ3,0
FT6NQZI,0
FTB4H5T,0
FTEJW3H,0
FTI76PF,0
FTORSAF,0
FTY91VP,0
FTYEFBE,0
FU1KTCM,0
FU7PVVZ,0
FUALJSN,0
FUKHSKU,0
FUQO1XD,0
FV0S15A,0
FVOK1K2,0
FVURLST,0
FWBT6OC,0
FWML6S7,0
FWT24SV,0
FXAPD82,0
FXIOKEI,0
FXNZJHM,0
FXQBFNG,0
FXUV68M,0
FXWZ958,0
FY0Q75E,0
FY0YWRG,0
FY538AK,0
FY6M966,0
FY78IFO,0
FYGZKPZ,0
FYKKG2Y,0
FYKL018,0
FYTXCAF,0
FZ8JAQ2,0
FZIBY4I,0
FZJIIE8,0
FZK2UEI,0
G02M50T,0
G0CJS6G,0
G0DLFED,0
G0IB01B,0
G0XQL82,0
G1JX9H1,0
G1LSV2E,0
G1PK8SU,0
G2304PA,0
G25TVMT,0
G2CYS82,0
G2JAXSQ,0
G2MAV0A,0
G2MONTI,0
G2NA7I3,0
G2NEMFS,0
G2P23BV,0
G2Q23XY,0
G2Q7ZN9,0
G315AQS,0
G3DNEWM,0
G3TH7MN,0
G3YM4FA,0
G3YR6WI,0
G41YLTM,0
G4PAJIS,0
G4QOTH8,0
G56ZNP3,0
G5DX5Q2,0
G5FRXA6,0
G648EML,0
G6A99D8,0
G6ODGXO,0
G6P8N1Q,0
G7B7DE7,0
G7K0O8M,0
G7NFBU0,0
G7OMHH1,0
G82UV82,0
G8B7YGO,0
G8UAETL,0
G9HIN5F,0
G9PGRUX,0
GA4LTSD,0
GAC363V,0
GAL92DH,0
GB0JQPV,0
GBHZ9YP,0
GBLGHOH,0
GBQ15LV,0
GC4UVUW,0
GCE3AAL,0
GCPW5C8,0
GD10USW,0
GDC7P8Q,0
GDOWODV,0
GDUD66F,0
GDUOLN3,0
GEG2368,0
GEHECZ7,0
GEN4JOM,0
GESX5RY,0
GEVN2WH,0
GF8FEKJ,0
GFA5L8Z,0
GFCK9U3,0
GG6GFKQ,0
GG8U4NK,0
GGEBAB7,0
GGEDSYT,0
GGIYJGX,0
GGPE0OV,0
GGQAYVU,0
GHATCS8,0
GHLUGT1,0
GHOSEJL,0
GIU91JJ,0
GJ1B19U,0
GJCHH94,0
GJS6IGV,0
GK0AYX5,0
GKA3S7D,0
GL5C76J,0
GLI2E4H,0
GLQEYVC,0
GMK18NL,0
GMR61I5,0
GN0SBHP,0
GNMKULA,0
GNOUN4J,0
GNVY2NP,0
GNZSZXP,0
GNZVHGS,0
GO3Q71U,0
GOASLQO,0
GOE5ROQ,0
GOEDZUZ,0
GOUOJ33,0
GP7GMOX,0
GPSAO5L,0
GPWX9XN,0
GPZ3GR7,0
GPZXIZ3,0
GQIRAQG,0
GR93NPF,0
GR9WFBY,0
GRB7KCW,0
GRFL3BV,0
GRIRN9X,0
GRJXV4T,0
GRO3QBF,0
GRPVIP8,0
GRRNF6C,0
GRXR9DZ,0
GS31A4H,0
GS52BL9,0
GS63H2D,0
GSIS25E,0
GSTMC6J,0
GTGB8ZH,0
GU2CN5N,0
GU6LAMI,0
GUBI91R,0
GUD97MX,0
GUERCN2,0
GUWPTBY,0
GUYPTI9,0
GV6TUEG,0
GVGIJ5A,0
GVLJVT3,0
GVSJMOA,0
GW4JPM5,0
GW4X8N2,0
GW7ZCEF,0
GW9RUMC,0
GWOJR5I,0
GWRMJ45,0
GXJKFST,0
GXVG1CU,0
GXW3GCD,0
GYJ7XPP,0
GYMUVUJ,0
GYRFSPE,0
GYWLH5O,0
GZ3SBRM,0
GZ5GZZK,0
GZ9U01W,0
GZA7H72,0
GZB5NKT,0
GZBPG5G,0
GZC7IR1,0
GZG8RGU,0
GZJKFML,0
GZKWPMZ,0
GZL27VV,0
GZR1SRS,0
H09UKYK,0
H0G166E,0
H0NWU4C,0
H0WE89E,0
H15DCAZ,0
H180L75,0
H1DG741,0
H1KEAFT,0
H1PXBZH,0
H1T3IA5,0
H2F4774,0
H2Y0HUP,0
H39JQW2,0
H3HCP1X,0
H3O8ESH,0
H3U27Q1,0
H3UTX1E,0
H3W4OOT,0
H4XG1U1,0
H5C9PRM,0
H63JA6I,0
H6ISLNL,0
H7010MI,0
H7SJ6CO,0
H7XC7EZ,0
H8E9Y8G,0
H8WMN3Q,0
H905CNH,0
H99T5SM,0
H9ZL2K6,0
HBC2NFA,0
HBJP657,0
HC6CJ3B,0
HCMFGT7,0
HCR9AZ2,0
HCTUXA5,0
HCYU41V,0
HD1BJCF,0
HD3I9CP,0
HDG99AS,0
HDWLLGH,0
HDY21WU,0
HE458V3,0
HE8UQK9,0
HECF3TB,0
HEEFGDS,0
HELE42P,0
HEODINC,0
HEOGMHC,0
HEPADCZ,0
HFIBXHT,0
HG210HT,0
HG3EZ7X,0
HGGGSM2,0
HGNYIGU,0
HGWYPLG,0
HHD256J,0
HHMN2MB,0
HHW2BV8,0
HI8LRIK,0
HIDBZC3,0
HIP7MGM,0
HJDJ3FW,0
HJIGFZ4,0
HJNRRND,0
HK3D1VA,0
HKEG5HC,0
HKIY3GI,0
HKLV7H0,0
HKOD69F,0
HKT37GU,0
HLG3N7G,0
HLGOBJE,0
HLIU4KR,0
HLN8QSQ,0
HLSIR4D,0
HLTMHJB,0
HLYJ4H0,0
HMBS8Q8,0
HMH6UA2,0
HMJUJL6,0
HN3AIDL,0
HN6F4PX,0
HNEAEF8,0
HNF18JU,0
HNPJ6UL,0
HNUQ0S1,0
HNXUZTZ,0
HO3FKHX,0
HOCGIMY,0
HODPLUF,0
HOHZROL,0
HOIPQHK,0
HOX5GOK,0
HPB2OV5,0
HPXLRVO,0
HQ2NEXL,0
HQG1PUM,0
HR4AL1N,0
HRUKLFF,0
HRYIN2Q,0
HSA5H85,0
HSBTE9M,0
HSCPU06,0
HSDI3DV,0
HSHIRE2,0
HSY6H4D,0
HT8B0NK,0
HTJAVBF,0
HTQCFRV,0
HTQOCZ3,0
HU1P4RZ,0
HU3PP4Q,0
HU4SMBY,0
HUCF6OH,0
HUMWLS1,0
HUY10O7,0
HV1O67Q,0
HVB77V7,0
HVMU2EB,0
HVOUORP,0
HVQASKL,0
HVS50QO,0
HVXRYJ8,0
HW8G0GK,0
HW9MID5,0
HWJ6LB7,0
HXT9UG0,0
HXVY73V,0
HYKKOTQ,0
HYUSGRO,0
HZC3F3D,0
HZIP25H,0
HZKOYXR,0
I0EAKX1,0
I0F4H6G,0
I15NA6N,0
I18NLPP,0
I1AI8VJ,0
I1G6PMA,0
I1GI9FG,0
I1HH0T9,0
I1OAA3I,0
I2I7EJU,0
I2MY1AH,0
I2OI6S2,0
I31AANI,0
I3EDJXE,0
I3LP7WW,0
I3SAPAY,0
I49IHQ9,0
I4FUXAF,0
I4TSLWL,0
I5B3Q95,0
I63O15Z,0
I669K22,0
I6IHHME,0
I6KXAGO,0
I6L69K6,0
I6SRMIL,0
I6X9J8G,0
I6YER2U,0
I6ZV54Z,0
I7RKAHI,0
I7UE6NS,0
I8WOWYY,0
I8WYFFD,0
I8ZISEN,0
I90NNJC,0
I96M3CS,0
I9WA9VX,0
IA7SSIE,0
IACQ01W,0
IAMV8NG,0
IBCMZNW,0
IBJQB0O,0
IBKU901,0
ICCFS0A,0
ICG56QU,0
ICJAU19,0
ICPUEZR,0
ICQAKBJ,0
ICR7XDK,0
ICTBEVA,0
ID5HJ5Q,0
IDDKSPE,0
IDND3DS,0
IE6F8C0,0
IE8TU4I,0
IEJ0ZCR,0
IEJ38UG,0
IEP42HC,0
IF170I1,0
IF84UCJ,0
IFD2W8N,0
IFLEKQG,0
IGO2JKC,0
IGS6CKU,0
IH3GQQK,0
IH7J1NG,0
IHSSESZ,0
II2PD7F,0
II74IK8,0
IIDO768,0
IIG6I5N,0
IIIQOQB,0
IIWNO2V,0
IJ8U68L,0
IJED73A,0
IJJ2CB5,0
IJYA9ZV,0
IKI2V0D,0
IKQ07C8,0
IKUDN8N,0
IL2T15C,0
ILGIT5H,0
ILHPCIV,0
ILORXCY,0
ILSF430,0
ILUC79K,0
IM34DBR,0
IMCLAEE,0
IMD53F0,0
IMJ3TUU,0
IMMPMR1,0
IMOT1WR,0
IN5E3ND,0
INS3ATI,0
IO7F0U0,0
IOE1WNR,0
IOTF5EP,0
IP2IO0Z,0
IP3EM6X,0
IPHTQ4E,0
IQ2OXN2,0
IQJNG14,0
IQUPO8W,0
IQXFG3D,0
IQZFHCI,0
IR1741D,0
IR30QWH,0
IR587YU,0
IRWTAF2,0
IRX3424,0
IRXLDEO,0
IRZKZAN,0
IS4CA9K,0
IS56RT7,0
ISHHNB8,0
IT1CBIF,0
IT7C8GA,0
ITBNQDD,0
ITTPDTT,0
IU2C6CX,0
IU2ZKXN,0
IUWRZIZ,0
IUZIIRA,0
IV6ZC8A,0
IVLW799,0
IWEKHB8,0
IWIEPHF,0
IWNGFF4,0
IXNRELG,0
IXVHSRX,0
IY2C86Q,0
IY777LB,0
IYBZ9KF,0
IYGF7AW,0
IYL8DE1,0
IYXXVPR,0
IZ9TI82,0
IZE0RFG,0
IZIQY23,0
J0248PM,0
J02U720,0
J03UYVK,0
J0JXJP8,0
J0KVVE3,0
J0MPQ1X,0
J0OU8HB,0
J0WVW3L,0
J13GNKQ,0
J1AB2B2,0
J1EWMLU,0
J1GXXUO,0
J1XF6KH,0
J22FHT5,0
J2CGPCV,0
J2FIJ3Y,0
J2JI9L7,0
J2R5UUX,0
J2YYTMV,0
J36COWZ,0
J3US1O7,0
J3X16M6,0
J451651,0
J4CJW2D,0
J4WF7XE,0
J5GJVF2,0
J5RYLC2,0
J5S0JQF,0
J619G5J,0
J6ILLJJ,0
J6KBIN2,0
J6LPYLD,0
J6V854G,0
J6ZFK8X,0
J7SA3QY,0
J82LB22,0
J84IK7D,0
J8NZ0W6,0
J9805PG,0
J9M901C,0
J9RKH8I,0
J9VZFKN,0
JAJ446Q,0
JATPLNW,0
JAXHGX0,0
JB4GQOF,0
JBPNGEA,0
JCGNKIB,0
JCHIW3Q,0
JCI9QD1,0
JCZA2GA,0
JD76GZC,0
JDUSQL6,0
JE2ZNYJ,0
JEFLXIA,0
JEGZI79,0
JEJ0NXT,0
JEO297T,0
JEQUXTW,0
JEVIMSH,0
JF6JCFE,0
JFHSD07,0
JG2T0GQ,0
JGGHG71,0
JGN21UH,0
JGUAT9Z,0
JGZNKPG,0
JHHXJ4O,0
JHHYFQM,0
JHITFQY,0
JHK4I3S,0
JHKR1X9,0
JHLMU91,0
JHSAFG8,0
JHXEDHB,0
JI25LVR,0
JI510H6,0
JI75QVA,0
JIIH1JW,0
JIJ1YJE,0
JIORRHK,0
JITHI38,0
JJ6ZVBT,0
JJA8N9A,0
JJDKATQ,0
JJJ1OB8,0
JJYUP3W,0
JK1AIBJ,0
JKLAJDD,0
JKPZ3AX,0
JL34MIF,0
JLEG2QQ,0
JLEPRFJ,0
JLKM239,0
JLXJ4L6,0
JM6VXW6,0
JMEEPEG,0
JMHQQHE,0
JMQE4AC,0
JMZBD2A,0
JN6AE8C,0
JNFG7G5,0
JNHHTNR,0
JNXUPTU,0
JNZUZVT,0
JO0YJ9A,0
JO3V3EE,0
JOJOFW3,0
JOKY988,0
JOQJNPH,0
JOTORLD,0
JOUTUVK,0
JPB38UT,0
JPBJCMN,0
JPGSQ3R,0
JPY0RDR,0
JQEIF1F,0
JQNRXJW,0
JQS7WDV,0
JR4VDXG,0
JR5BOSO,0
JRM7QIQ,0
JRUY7DM,0
JRWFPW6,0
JSQQTB6,0
JSWJS27,0
JT9716Z,0
JTLXT8S,0
JTMT2JC,0
JTNL188,0
JTQJL2A,0
JU849UV,0
JUC2C5T,0
JUKY3CJ,0
JUO7R24,0
JV2YS1S,0
JV64A1Q,0
JV9HS2Y,0
JVCKT1P,0
JVFEC3E,0
JVQ594F,0
JVSGYFE,0
JVVFUMM,0
JWCS5H4,0
JWHLMCS,0
JWJGWY3,0
JWKPRQP,0
JX6R7X5,0
JX8H0XP,0
JXJIC4H,0
JXPANB0,0
JXQTBSW,0
JXR2E4M,0
JXS7CII,0
JY4JQ1O,0
JYIPJRR,0
JYRLVO0,0
JYXBHE0,0
JZ1TKUU,0
JZ8NZQO,0
JZAVG0E,0
JZHI4J7,0
JZI8IJN,0
JZQG864,0
JZZ4019,0
K00Z7H6,0
K0J5IFD,0
K1D6WT2,0
K1K5MSU,0
K1OTPCB,0
K212MXD,0
K22FO5F,0
K22ISKO,0
K24T2HT,0
K2C8KQ1,0
K2FX3N2,0
K2NHCKD,0
K32B5JV,0
K338LW1,0
K36A7C1,0
K3T7YBJ,0
K41I3OK,0
K45Z7PW,0
K48X1WJ,0
K4AA4LD,0
K4BCXBE,0
K4HEADK,0
K4LBHF1,0
K57DYB1,0
K5EE6YR,0
K5EZJF1,0
K5T4PCX,0
K5WA2MK,0
K6D7JMC,0
K6HMF4N,0
K6I4CKC,0
K6OO77W,0
K7C4H54,0
K7HCWTI,0
K8614CY,0
K8HSVDW,0
K8PZZB0,0
K8TDISV,0
K90KXUC,0
K90TSS9,0
K9AXUUK,0
K9D9RYG,0
K9IAU7H,0
K9ILDHY,0
K9M4ZKV,0
KA75J56,0
KA7IOCM,0
KAP8PBL,0
KAQE68K,0
KAVAXQ3,0
KAVDJZT,0
KBSNRVU,0
KBV14SJ,0
KCC0AX6,0
KCIME87,0
KCWOH8P,0
KDG75C4,0
KDSNZSN,0
KE1SSUE,0
KE6OR95,0
KE9EPAL,0
KEVSOEH,0
KEYE2BP,0
KF7IA2O,0
KFCLR7L,0
KFOPR5K,0
KFPKHHB,0
KFXRBQE,0
KGKB9KL,0
KGZH8JK,0
KH08VWK,0
KH14CHF,0
KHC237N,0
KHN04KG,0
KHQWZZE,0
KIV8YW1,0
KIZKQIX,0
KJAWVKT,0
KJLCYUE,0
KJSID6M,0
KJWBEE2,0
KKGU2J4,0
KKP75PY,0
KKTAIBG,0
KLAH4XR,0
KLAVRT8,0
KLBTCCC,0
KLJOMSI,0
KLJPOLY,0
KMEGBM4,0
KMTG1D4,0
KN9164T,0
KNCM62E,0
KNDDB3R,0
KNFDLAV,0
KNFRN9G,0
KNYA02R,0
KOGLI8O,0
KONUUCH,0
KOOGT2J,0
KP2NXJ9,0
KPHYS1K,0
KPMOSKP,0
KPPEBQZ,0
KQ8S39L,0
KQEAHYL,0
KQIVJ0E,0
KQQV6LF,0
KR5LJAZ,0
KR91VQB,0
KRBF73I,0
KRIH7PX,0
KRR5WBS,0
KRVBN1X,0
KS2PXF3,0
KSBS0DB,0
KSU2VA5,0
KSXIE6L,0
KTSYO1F,0
KTTAVYV,0
KU5KSF7,0
KU8TJZ5,0
KVAON7P,0
KVHSZ97,0
KVZ7R74,0
KW1AJD1,0
KW1CK29,0
KWO4DBU,0
KWT5BOX,0
KWW3ZFV,0
KWWDR4S,0
KWX2FUL,0
KXFYB8K,0
KXGR2IY,0
KXKOOE6,0
KXSN8CR,0
KXXLEJT,0
KXYTC3L,0
KY09ZQP,0
KY1JVIM,0
KYQGOLS,0
KYT6ZR3,0
KZDBTOK,0
KZO378Y,0
KZUSO9K,0
L067ZZE,0
L0G0LBM,0
L0SYUD5,0
L0U0CG4,0
L147EJS,0
L16ELZ8,0
L2DBT63,0
L2MNYAS,0
L2UMXVI,0
L3GYOTL,0
L3X62M8,0
L3XGOHQ,0
L3XKYKQ,0
L429IJS,0
L4D3GR9,0
L4D5270,0
L4LYHMU,0
L4MWIQN,0
L4RFW8L,0
L4Z2NE8,0
L539TZ1,0
L53FCDD,0
L54B2T4,0
L5GVMIE,0
L5NXMYY,0
L6EEXGR,0
L6HPJKW,0
L6OIT3Y,0
L7E2D2U,0
L7L6W1K,0
L815JT8,0
L85MWDX,0
L8FLO09,0
L8GAHIX,0
L8NPF0I,0
L8OS79F,0
L913QTT,0
L9DAHFY,0
L9FPGNF,0
L9XG438,0
L9ZQZDT,0
LA0EQBA,0
LAG2M73,0
LANXD9Q,0
LBOH008,0
LBPFDA3,0
LBS01HB,0
LC75TUR,0
LCA2AU2,0
LCBEAJX,0
LCCTXOQ,0
LCZEFPV,0
LDBCWUA,0
LDGAPU4,0
LDK6EQ1,0
LDKFZY9,0
LDOWMGM,0
LDZ4BUQ,0
LE5QNZZ,0
LEAPMAZ,0
LEB7BSL,0
LEERJF3,0
LEHO0WF,0
LESR0JL,0
LETUT97,0
LEVJQAD,0
LFL3BRC,0
LFOO2C0,0
LFQD604,0
LFR7GYZ,0
LFVKVAN,0
LFWT0L8,0
LG9DH68,0
LGD2Q1N,0
LGPB5JO,0
LGUHZZK,0
LGY0EVI,0
LH72BPZ,0
LHM375A,0
LHRO4Q5,0
LHTKYE9,0
LHVZ9HS,0
LHYBYB4,0
LI4B144,0
LI7DEU8,0
LIAJMAI,0
LISFSIC,0
LITBP2G,0
LJ6K421,0
LJ88X7E,0
LJWCUG4,0
LKLWWJ0,0
LKWXSRK,0
LL1W0OF,0
LL3UJH6,0
LLJUEJC,0
LLKM6LS,0
LLOZ8W8,0
LLVC918,0
LLWOASD,0
LM0VFC7,0
LMHCGXW,0
LMXL6QA,0
LMZWIYA,0
LN21Q7H,0
LNMG8QM,0
LNZ9AQJ,0
LO78G6B,0
LOSUY9E,0
LOTZNRG,0
LOXULVO,0
LQUZFLW,0
LQYJ86O,0
LR078GT,0
LR8HM93,0
LRAU1GH,0
LROM8WB,0
LS017ZC,0
LS45W9G,0
LS5CYVM,0
LS9RUI5,0
LSR123W,0
LT2Y516,0
LT5HI4L,0
LTGJHOV,0
LTP9UKT,0
LTR7CRN,0
LU1KMHA,0
LUM77ZN,0
LUNKEJR,0
LUPF94M,0
LUQJ0XJ,0
LUYL58S,0
LVCNWDG,0
LVI5V98,0
LVKT53M,0
LVTSD62,0
LVWC4GD,0
LW0B5PO,0
LW56V9M,0
LWI3QO7,0
LWRPQPS,0
LWW8TVW,0
LXABBUI,0
LXCFKEO,0
LXLYPU0,0
LXX8TMZ,0
LXYZ2XR,0
LYCE0KT,0
LYS85J0,0
LYX77R3,0
LZGL20W,0
M02CPRZ,0
M0B43H6,0
M0F603S,0
M0FZ9T9,0
M0JPINC,0
M0K92G8,0
M0PJN9P,0
M14GJ53,0
M1506F6,0
M1D245G,0
M20VYY7,0
M2BC47K,0
M2E5H9B,0
M2N94IB,0
M2TOFX3,0
M33L6EZ,0
M3512CR,0
M38S1H2,0
M3PEEJ8,0
M3SIRG2,0
M41XL1L,0
M4PDVFJ,0
M51I7X6,0
M5K04H2,0
M65ZCI1,0
M67VCX2,0
M6GUNQF,0
M7GZOA9,0
M7W8UUR,0
M83AB3C,0
M89FX3I,0
M8H3TME,0
M9BNW1R,0
M9KWGRL,0
M9P761W,0
MA08L60,0
MAEI6AL,0
MAH72SU,0
MB0RATN,0
MB3DOX2,0
MB82QHK,0
MBA06OD,0
MBDRFZG,0
MBG7KAW,0
MBG9T2N,0
MBMBGLM,0
MBZ9UMG,0
MC2Q5FR,0
MCGOSRL,0
MCVFG7O,0
MCXRSY4,0
MCZR54C,0
MDEZ0FJ,0
MDF65ZF,0
MDOOE23,0
MDY5J71,0
ME60LUT,0
MEKSTUR,0
MEP79QW,0
MEPI9CC,0
MER1ASP,0
MFMT9YA,0
MG5DOVH,0
MG7DBXE,0
MG8SAWG,0
MGUUC5J,0
MGYVN0Y,0
MH4O6WF,0
MHJCY30,0
MHZS4FY,0
MHZVHEM,0
MI6LW4H,0
MICNHYU,0
MIKPWYF,0
MIQXOH1,0
MIUPLGE,0
MJ8PVB3,0
MJU9NQW,0
MK0ICSE,0
MK3HJ8Z,0
MK4STI9,0
MKLOKMQ,0
ML16MSN,0
MM1T8L6,0
MM3OMJZ,0
MM8URND,0
MMMJKTK,0
MMMP0MJ,0
MMNXYVD,0
MMW7JVB,0
MNEOQVF,0
MOAS2PJ,0
MOAZ2NR,0
MOERRGI,0
MP9NHIC,0
MPER6BR,0
MPWOI03,0
MPX3N04,0
MQ4J1WC,0
MQDP6VC,0
MQPFB1V,0
MRC3C0G,0
MRNF20H,0
MRXPZ3I,0
MSNKZHK,0
MSNO04Y,0
MT0WAP8,0
MT9ZDZL,0
MTKO0XT,0
MU2XNPA,0
MU3N61S,0
MU85MAR,0
MUBO1QI,0
MUCNK2N,0
MUKNFZV,0
MUM2I5Y,0
MUOPU0W,0
MUZ7XML,0
MV4EOMX,0
MVBRCO1,0
MVE435N,0
MVET52J,0
MVGP519,0
MWCDXKL,0
MWHAGE0,0
MXBJQ9V,0
MXG0LCT,0
MXTTEA3,0
MY0R62H,0
MYENAUK,0
MYIALU0,0
MYKH3OX,0
MZ1MPVI,0
MZ90ZRN,0
MZPS3W5,0
MZSWYDE,0
MZZDLZ8,0
N055X01,0
N0G1WLD,0
N0IQ3OF,0
N0OGLM9,0
N0UYZ1W,0
N1HOX58,0
N2DSB2N,0
N2KBUVT,0
N30FT47,0
N33CAVY,0
N34NGRA,0
N3DCGAT,0
N3VC5NA,0
N3Z5TT7,0
N41T7DN,0
N4B404K,0
N4DYBT4,0
N4P49Y1,0
N55JDS9,0
N5SDIE0,0
N638W9Y,0
N67PMQ5,0
N7NMJQL,0
N7R8DDZ,0
N7YND65,0
N8CGZC0,0
N8N199Q,0
N8XL5FJ,0
N91URJ7,0
N9HLGR2,0
NA4ZQPN,0
NAJBTNH,0
NB7GVOD,0
NBJU28M,0
NBNKF5Q,0
NCDEHSI,0
NCV2NG0,0
NCV9CZH,0
NCVPTPL,0
NDBDVBQ,0
NDEERZV,0
NDKXI8B,0
NDWE62T,0
NEC4BU1,0
NEELU5Y,0
NF11NQ2,0
NF17TUQ,0
NF6LCGI,0
NFA3LP5,0
NFBYJ4W,0
NFK85EJ,0
NFP021S,0
NFYISSY,0
NG4056H,0
NGHH407,0
NGHM2G0,0
NGYCH8Z,0
NH2DVBK,0
NH5YLIJ,0
NHBP2EN,0
NHDN6RU,0
NI2EZ2B,0
NI4W5QF,0
NIOSF60,0
NIQE1WE,0
NIY5ZDR,0
NJ97EVK,0
NJLHHGH,0
NJM3YQ6,0
NKJDMXH,0
NKSTU9G,0
NL0VPRD,0
NL5PIF4,0
NLAIARM,0
NLY0GKP,0
NMGG09T,0
NML25DC,0
NMPC5MY,0
NMTVJ2O,0
NN7BZGI,0
NNF7YS1,0
NNLXESO,0
NO2EVRS,0
NOAPS0H,0
NOIP2ML,0
NOIRA9D,0
NOKCNSV,0
NOKIFJC,0
NOY0DPO,0
NP27GS6,0
NQ6WYDE,0
NQQ4MEZ,0
NQXZ80I,0
NR3EJPE,0
NR7FRDY,0
NRJYBFH,0
NROODIH,0
NS5JS2F,0
NSN5IVH,0
NSNN25R,0
NSW4UTU,0
NSXDTM2,0
NT01XYF,0
NT0Q29Q,0
NT5804S,0
NT5ZOTP,0
NTBBS9G,0
NTMILU4,0
NU8GZC6,0
NUAAOZC,0
NUMFDCC,0
NUR9NB4,0
NUXD9U8,0
NUYT8HT,0
NV26NWY,0
NV2WSE1,0
NV7M88A,0
NVRPLX4,0
NW51CW5,0
NW5IUSX,0
NW6HNU7,0
NWAMJU4,0
NX63QB1,0
NXI00T8,0
NXPGCK6,0
NY02IF5,0
NYETKYK,0
NYKBZ19,0
NYNJWSH,0
NYOAN76,0
NYON0CG,0
NYRPCM6,0
NYWSHLR,0
NZ3P13F,0
NZD71WD,0
O0C3105,0
O0M5GS2,0
O0QV8Q8,0
O0V174R,0
O108BJG,0
O12HYQK,0
O13SV9G,0
O16M72N,0
O1G929H,0
O1GVOV6,0
O1HGSF8,0
O1LK7VI,0
O1M4QSJ,0
O1MYC8K,0
O1N2GVT,0
O1NWTPH,0
O1YGNZT,0
O1ZYWM1,0
O23J5EB,0
O2Z77R9,0
O3A2ZX0,0
O3DTQP8,0
O3MBAJ6,0
O44PFOV,0
O47T6DR,0
O4FWRLG,0
O4NGFO6,0
O4TGXGK,0
O59JGGU,0
O5UAOOQ,0
O60QQJH,0
O629VY4,0
O6568AT,0
O6IMLGG,0
O6IVCN3,0
O6JMZQU,0
O6MBQ87,0
O78LR3Q,0
O7HOVBW,0
O7KRBGJ,0
O7M69ZO,0
O7WW1L7,0
O8B72JC,0
O8ITSP1,0
O8PSLV4,0
O8Q3FX3,0
O8ZQGHA,0
O9C0GVB,0
O9HA41B,0
O9L3ZUV,0
O9NRS8R,0
O9T75UU,0
O9Y5AIZ,0
O9Y5TZF,0
OA0R6A4,0
OAA1K1Y,0
OADI9AW,0
OAOK5EV,0
OAPLZYU,0
OARRT8B,0
OB26T0N,0
OB2KCOF,0
OB5TIIF,0
OBGETXJ,0
OBO9KL0,0
OBOVAPM,0
OBPR1AK,0
OBTZJPS,0
OCBJGZZ,0
OCG113R,0
OCPZU3W,0
OCQWUHV,0
OD6J0L8,0
ODBR0XK,0
ODCPIFZ,0
ODHZC9G,0
ODRBB4N,0
OE5J5M6,0
OESM40Z,0
OFA9XWW,0
OFBNQ8D,0
OFD1S1W,0
OFEMWWF,0
OFM79N4,0
OFMGSQ5,0
OG1I9YI,0
OG4N0S6,0
OH242V0,0
OHXPL0T,0
OIBKCW7,0
OIEOYAX,0
OIG2JTH,0
OIIKWKR,0
OIZRRFG,0
OJPBFND,0
OJVRTX4,0
OK4416G,0
OKYOBH3,0
OKYVXW8,0
OLZZG6U,0
OM6UGL5,0
OMV3OQD,0
OMVS4UL,0
OMWOVDC,0
ON4R50T,0
ON8O7VO,0
ONWTJ2H,0
ONZ8WK6,0
OOHBLKX,0
OOHIM7T,0
OOKSY68,0
OOVX8ZT,0
OOW8WNS,0
OOW9BSJ,0
OP17M47,0
OPOC91N,0
OPRAMT3,0
OPUXI5W,0
OQQ7291,0
OQQOIOY,0
OQW69NB,0
OR9UL8Z,0
ORWKEJW,0
OS11ZKB,0
OSL2ZGJ,0
OT1CQFC,0
OTDMZ7K,0
OTMACIJ,0
OUJULE3,0
OULA35G,0
OUQ8G6U,0
OV7UMDR,0
OV8ZFTG,0
OVMMFWT,0
OVZCVPW,0
OW8XZXL,0
OWGNP5G,0
OXFMEMU,0
OXGQNXJ,0
OXUFF7R,0
OXZ79RQ,0
OY00B9Q,0
OY0SEHQ,0
OY8Z993,0
OYNTLUF,0
OZB5XZ0,0
OZJVS5I,0
OZYM166,0
P01WHV0,0
P098CG8,0
P0EOCV2,0
P0KV346,0
P0TO0AH,0
P19E6E1,0
P1J2OHF,0
P1KW84F,0
P1TBNQA,0
P1V8NOC,0
P2SNN43,0
P308U6J,0
P36J0EH,0
P3EUZR2,0
P476JZF,0
P4BUTPC,0
P4FVWBL,0
P4YE6YB,0
P5CKB04,0
P5HW0TL,0
P5ONZSX,0
P5PKUUO,0
P5TQDKV,0
P62CEWC,0
P64EVDT,0
P6T2DD2,0
P6W3SC5,0
P7K1AXN,0
P7SI4J1,0
P7YTAMR,0
P880P1V,0
P8BO7JU,0
P8I0P88,0
P8MRRD3,0
P91661S,0
P9FB7AM,0
P9J945Y,0
P9YBDIE,0
PA25HFV,0
PA4MAQG,0
PAPAJC4,0
PB3A3S5,0
PBA8Z8Y,0
PBH4GK0,0
PBM2ZKG,0
PBOK3X1,0
PBSQA5F,0
PBWPED3,0
PC4MK1G,0
PCAK839,0
PCIVY5J,0
PCXUF01,0
PD8TFGD,0
PDAIE8K,0
PDZ2Z60,0
PE1J486,0
PEBRZHP,0
PED5PQ7,0
PENAO7A,0
PFFF6K5,0
PFIP6AR,0
PFS9O2S,0
PFV1AO2,0
PG1R20C,0
PG2MTDK,0
PGEP9R5,0
PGGMTP9,0
PGRTC6J,0
PHFALTA,0
PHFDZG0,0
PI1ET7G,0
PI4IABR,0
PIHRVJF,0
PIKTI7W,0
PIN4BOL,0
PJ2IS6Y,0
PJ5X7TU,0
PJISZ2P,0
PJJV61J,0
PJSUGHS,0
PJZSCZM,0
PKE8TGI,0
PKLVLWL,0
PKOIYE5,0
PKP4N20,0
PL6NBMT,0
PLH3TE6,0
PLIK2B2,0
PLO98SF,0
PLY6VUK,0
PM3CM7W,0
PM84ZIV,0
PM8CAIW,0
PMEJR2Y,0
PNCLV7M,0
PNE6T1S,0
PNED8VU,0
PNVJ3RH,0
PO2L1TY,0
PO6OYAF,0
POQ1MPG,0
PP625F9,0
PPHOQN3,0
PPO1SR2,0
PPSTV2B,0
PQ3HMFA,0
PQBU2BP,0
PQGYBPK,0
PQL5ML9,0
PR2MJ5U,0
PRG50TV,0
PRIUJS1,0
PRLCWU0,0
PS76AG7,0
PS9GOHL,0
PT8C3A6,0
PTNWE3B,0
PUT7K5R,0
PUZJ0FB,0
PWMC3Q5,0
PWQDTAG,0
PX16IO3,0
PXQBUN6,0
PYKBUGL,0
PYN3NHH,0
PYPXX3K,0
PYS00JF,0
PYSBX1G,0
PYVFQC6,0
PZ5ADBY,0
PZ5U10A,0
PZ9QE6Z,0
PZRFNND,0
PZU8YD8,0
Q01Z9UC,0
Q02IWAM,0
Q06J9S2,0
Q0CKYQD,0
Q0X0JEB,0
Q11PWC0,0
Q1A6EDZ,0
Q1BFZ74,0
Q1TZA4P,0
Q1XD15W,0
Q20T6D2,0
Q217V7F,0
Q22XKT7,0
Q26E44Z,0
Q27DI1G,0
Q2HJGRR,0
Q31HKE9,0
Q38I9L1,0
Q3NK4IS,0
Q3URBVD,0
Q45CTA4,0
Q461H6K,0
Q4C6FY9,0
Q4J81Z9,0
Q4OY2D2,0
Q5BBNIP,0
Q5GFHKX,0
Q647SRM,0
Q6BCAGD,0
Q6GA3AY,0
Q6GKOAQ,0
Q6K2D16,0
Q6UN8IQ,0
Q6V63C3,0
Q6XIUDD,0
Q7IFC4M,0
Q7MDRAQ,0
Q7WRISX,0
Q89NYG9,0
Q8WSTWH,0
Q9H1UGX,0
Q9MG85H,0
Q9VM88K,0
QA8BAYC,0
QAANH27,0
QAD5NGL,0
QAMC339,0
QASAINF,0
QAV4FSF,0
QBA1TW0,0
QBG9ARR,0
QBGVMNM,0
QBR9Z8M,0
QBV1HDH,0
QCC8MP9,0
QCGL7BP,0
QCX9W7P,0
QD10978,0
QDQ69A4,0
QDT4OJ4,0
QDUIKFT,0
QDWFMIA,0
QE6VRKE,0
QEER51J,0
QETG0VG,0
QEZOWTZ,0
QFLN7W5,0
QG7ZUG5,0
QGAKY6E,0
QGBF3PV,0
QGKRZXE,0
QGX55XN,0
QH1KYDV,0
QHBJ2TZ,0
QHLS2WZ,0
QHPXN4P,0
QI02B57,0
QIBN585,0
QILTKKM,0
QIUPJCI,0
QJ8EM5G,0
QJAIOZP,0
QJHGYXT,0
QJRAEEN,0
QJVLMND,0
QJVWGXX,0
QKLJB8J,0
QKQIPKE,0
QKRSS3I,0
QL67EM0,0
QLL63O7,0
QLVMFMF,0
QLZOSYD,0
QMA7540,0
QMCDHXG,0
QMIL3Z4,0
QMK143G,0
QMLW68J,0
QMS9068,0
QNXA328,0
QOAWYGM,0
QQQEM6I,0
QR1L02F,0
QRCK4Z2,0
QRU9JI4,0
QSC5YFN,0
QSFSCVC,0
QSGL6JN,0
QSLF45W,0
QSS8GN4,0
QSTROSN,0
QSYGAX7,0
QT82QYV,0
QTBER9G,0
QTD1VII,0
QUAUKQC,0
QUQN99R,0
QUROH6E,0
QUS5UOT,0
QUWR3Q0,0
QV51H90,0
QV5P8TV,0
QVOV8CL,0
QVT9UYK,0
QVX9WXU,0
QW13HXD,0
QW1ESQE,0
QWGLG6U,0
QWHMR6P,0
QX1XVVQ,0
QX4B87T,0
QX4XG2F,0
QYDTR8W,0
QYHX2UT,0
QZQ1904,0
R0B7AA9,0
R0I6FI5,0
R11J8HD,0
R27Y1JU,0
R2EWPKY,0
R2K341F,0
R2Q022I,0
R2W6WWC,0
R2ZF09Y,0
R32D7EA,0
R3SS0YR,0
R3ZIZKJ,0
R41NC1B,0
R45T68H,0
R4FDQDG,0
R4MHB28,0
R4WBA7B,0
R5RVZO3,0
R5RWAUP,0
R7077AX,0
R71G8W1,0
R7BDCAQ,0
R87C3HP,0
R8IPW9K,0
R8WA47K,0
R9AT37E,0
RA1JUV0,0
RA5TGO5,0
RAFZY6Y,0
RAKLE6X,0
RAUC97S,0
RAXUBRO,0
RB3FJUS,0
RBRU56O,0
RBSB6Z3,0
RBVFWP5,0
RC08TKP,0
RC6HKEL,0
RC8K8OL,0
RCRAENR,0
RCTEAN2,0
RCUVMR8,0
RD81FHS,0
RDF1L0G,0
RDJK79K,0
RDM2M4E,0
RDMUATS,0
RE2LRPT,0
RER2BJD,0
RER9WS0,0
RF7KKX1,0
RF839E5,0
RFCXCUE,0
RFMVU2J,0
RFTYXNP,0
RFVPRZZ,0
RFZMTWZ,0
RGANEVX,0
RGKYB7O,0
RGR8YS7,0
RGSWTP9,0
RGY0RD4,0
RGY2GRX,0
RHB20J7,0
RHBWCSE,0
RHLXE77,0
RIO96DF,0
RJK89YR,0
RJXMGCH,0
RK1XZHE,0
RK9P1B6,0
RKALOJV,0
RKBLQHH,0
RKGU29U,0
RKL4KK4,0
RKO88J6,0
RKY34GF,0
RL2Y541,0
RL9N1T9,0
RLC0GHX,0
RLG1CUG,0
RLGR3E8,0
RLOZMRF,0
RLPQCDZ,0
RLXKIQJ,0
RLXR2WA,0
RM8LPD4,0
RMAH3AB,0
RMGFYF9,0
RN4BX7Q,0
RNHT6UR,0
RNIXNTU,0
RNP7U5X,0
RNWN27S,0
RO1WIU8,0
RO5K0HA,0
RO8VM84,0
RO8Y0VS,0
RO98LJS,0
ROOJY0Y,0
ROQ0T4I,0
ROUKNN4,0
RP0IJ5X,0
RPP6Q5I,0
RPS6TVY,0
RQ2MGUT,0
RQ5MSV4,0
RQ6JC74,0
RQB041V,0
RQCW86J,0
RQI1XYI,0
RQJJT80,0
RR0YZZK,0
RRC95K0,0
RRL1IRM,0
RRMWXVD,0
RRR9E6D,0
RS25879,0
RS76ZXO,0
RSCH2SZ,0
RTIO0G2,0
RTIR7PW,0
RTQ1EXS,0
RTVVWEY,0
RTWONS7,0
RU08J1P,0
RU3TERX,0
RU4BZT2,0
RUBG39L,0
RUHZEX5,0
RUIQ6JT,0
RUSRI68,0
RUX3DJ7,0
RV9FITI,0
RVHS9RW,0
RVJUJLB,0
RVO21S1,0
RVOK2LK,0
RVVOPHP,0
RW2JUQ3,0
RWGETZ8,0
RWHA9H1,0
RWXW77X,0
RWZFGQM,0
RXEX4KV,0
RY2OOKF,0
RY4OMUC,0
RYOKA9Y,0
RYQDOBN,0
RZI7U0B,0
RZLU950,0
RZTC7QK,0
RZUQJZO,0
S053KPA,0
S05E402,0
S05P5Y9,0
S0FIZ86,0
S28EI2V,0
S2LMW58,0
S2TS8X8,0
S2VM2TP,0
S2ZOG4K,0
S400352,0
S473II4,0
S4OMCIA,0
S4RF315,0
S4U4D4G,0
S4W7LIL,0
S4X1AXZ,0
S4X28LN,0
S521EPH,0
S54BBI5,0
S591W8H,0
S5BEBWA,0
S5U65UO,0
S64LS13,0
S6J1S8I,0
S6XIG6Q,0
S7VD5IJ,0
S8ANSK4,0
S8MS7OJ,0
S8OT3IA,0
S8P43GL,0
S8S8EEH,0
S8UKRL3,0
S927H6Z,0
S97X05L,0
S9QLDJ6,0
SAIAC0C,0
SAN44T2,0
SARZS8E,0
SB1YZTO,0
SB2ZWM7,0
SBGYYYU,0
SBLP1FF,0
SBQK8FQ,0
SBY1IKA,0
SCD69G9,0
SCFWMKK,0
SCJGCJF,0
SCJXLWE,0
SD99XDF,0
SDE608N,0
SE2RZ6K,0
SEUO0ZX,0
SEVUS4D,0
SF72BFI,0
SFDFHUT,0
SFE8HR1,0
SFKTLIY,0
SG6FZ9M,0
SGF57PD,0
SGJGYIG,0
SGXVPKW,0
SH3167D,0
SHDZ0JI,0
SHP1OUJ,0
SHUDCB8,0
SHVHR79,0
SI2E5AL,0
SIB36B1,0
SIJF3UE,0
SIYSETD,0
SJYAAZE,0
SK30V3O,0
SK5BNVR,0
SK9XTI5,0
SKJC0L5,0
SKOKRM8,0
SL5K7A9,0
SLCTEAC,0
SLQTR1P,0
SLZOQNE,0
SM97JUB,0
SME7UK4,0
SMI05CY,0
SN90C91,0
SNK9XQ9,0
SNLILGE,0
SNMGLUS,0
SNNDO7K,0
SOHHABR,0
SOMXHHJ,0
SP2P003,0
SQA65PJ,0
SR1TGP0,0
SR21G69,0
SR3NH5W,0
SR8941B,0
SRJNDZ0,0
SRSY8X9,0
SRY4FYT,0
SS8474X,0
SSDA7J7,0
SSDDVEU,0
SSMVI86,0
ST0L9HG,0
ST1TR37,0
ST3APTZ,0
STHBOIH,0
STITTVP,0
STO7HQX,0
SU1847D,0
SU4XOLR,0
SUOJN3S,0
SUSHWBR,0
SV7WEP2,0
SVHM370,0
SVI55LM,0
SVRP2LW,0
SVUQFIT,0
SVWH1CR,0
SW7UXI1,0
SWGURD3,0
SWVD0LT,0
SWWGHL9,0
SXG4MXS,0
SY0522E,0
SZ8DRVC,0
SZESA4P,0
SZJ490Y,0
SZVUF0B,0
T045HSP,0
T06W4A0,0
T0JU266,0
T0LA9TX,0
T0M5LB6,0
T0V4WEU,0
T0W0GKV,0
T19OJQ3,0
T1DRXOH,0
T1EFL44,0
T1IP0KD,0
T1XKTCC,0
T1ZSFZS,0
T29SXXB,0
T2M5MSX,0
T2TCXMD,0
T352OGB,0
T36BTEA,0
T3GTDFP,0
T3R8A3J,0
T41C3X2,0
T4EEIJW,0
T4JSJ9F,0
T4YGI2X,0
T5HVF0N,0
T5UAAOF,0
T65K2ZH,0
T6L97P2,0
T6QVBSU,0
T6QXX1R,0
T6SLOYL,0
T78H6ZJ,0
T7DJV2C,0
T7MLATL,0
T7UQ4GZ,0
T8BABB2,0
T8DKKGT,0
T8HDQDU,0
T8XR7L6,0
T986UPQ,0
T9SZ6PN,0
T9XJGBU,0
TABZ8J4,0
TACO70R,0
TAGLXIC,0
TAJPXKI,0
TC1BU3J,0
TC90IRI,0
TCSSS4Q,0
TCTXSDG,0
TD4G0PI,0
TDAOXRT,0
TDBCFBJ,0
TDGDM87,0
TDGVIAC,0
TDRXCGK,0
TE3TIZN,0
TEC9UZC,0
TEGAA1K,0
TFEGWKK,0
TFF444Z,0
TFJ3N29,0
TG12ETJ,0
TG8BI3L,0
TGALQY1,0
TGI2RNC,0
TGL3Z9Q,0
TH5NAGF,0
TH6D7E0,0
TH6IGD2,0
THSBVJD,0
THYMDN3,0
TIBIUAS,0
TIDXWNZ,0
TIE3KL6,0
TILPSD9,0
TIPN93T,0
TIVGLCP,0
TJJ9OBZ,0
TJTS213,0
TK3HESC,0
TK7OIJS,0
TKF1UQ1,0
TKLK2XP,0
TKQK7BM,0
TLBS164,0
TLUQ0JG,0
TLW1KLQ,0
TM7WG8K,0
TMJPMMX,0
TN6LRKI,0
TNFSMY1,0
TNX0ETB,0
TNYEA1I,0
TO1MJ60,0
TP5UXL5,0
TPJCXXW,0
TPXL5S7,0
TQ2KIDC,0
TQ78I95,0
TQ8WFXG,0
TQ9TXUN,0
TQTIZXH,0
TRP2IKV,0
TRPSXMT,0
TRPXU5T,0
TRS84PL,0
TS0VEFU,0
TS181WU,0
TS34UCH,0
TS5ACJA,0
TS5YQT4,0
TS9Q183,0
TSGOIC2,0
TSITLOD,0
TSML5A4,0
TSNM5DH,0
TSSKKPL,0
TSTMEG4,0
TSTNWY9,0
TT9NE3U,0
TTAXJY8,0
TTH0G3Z,0
TTUEN5E,0
TTZI60G,0
TU49J9J,0
TU60MFL,0
TUQ1J3B,0
TURZWNO,0
TV8VWO2,0
TVSZWQC,0
TVVN68H,0
TW3ZD5X,0
TW94DF5,0
TWF2P8N,0
TWGMZ16,0
TWNSEON,0
TXMTJWS,0
TXPYWND,0
TXRI06W,0
TXSU3QL,0
TXTUKJT,0
TY1XBY0,0
TY6WNGZ,0
TYROZ32,0
TYS4HNY,0
TYU83J1,0
TYVQAP4,0
TZ3Z5E1,0
TZ9S6IH,0
TZITI82,0
U04U4YA,0
U0P0O9P,0
U15FZYX,0
U17IWLE,0
U19KT2W,0
U1KEXKU,0
U1N10KK,0
U22R33N,0
U22TXWH,0
U23KU5W,0
U2A3BVB,0
U2K1Q14,0
U2OT0Z6,0
U302FT0,0
U3FIRAP,0
U3LDT18,0
U3XB7ZY,0
U4Q6G91,0
U53SDGL,0
U5HFBJM,0
U61JF68,0
U6AGQ3C,0
U6CK6SE,0
U6KBMEC,0
U6KJ2T0,0
U6XCMJ6,0
U7PSE1C,0
U7TPU97,0
U815DLY,0
U86U4DE,0
U8HNULM,0
U8I2BQJ,0
U8R3INO,0
U91ES6D,0
U9D54BB,0
U9J923L,0
U9YCUV5,0
UAO3GS0,0
UB2O3P2,0
UB4F0YY,0
UBSXH3I,0
UBT89B8,0
UC1B57P,0
UCUJOQA,0
UD905J8,0
UDG2PJW,0
UDSJTR0,0
UE86B2F,0
UEYXKS7,0
UF9IREF,0
UFBKWPI,0
UFI95JN,0
UFMX4S0,0
UFZ6W5K,0
UG3FTPT,0
UG5EFU7,0
UGNZF7K,0
UGVUDUX,0
UH4Y9XJ,0
UH6PX4L,0
UHAN1P0,0
UI3K1Q9,0
UIGSNEG,0
UIL1KZ6,0
UIZBQN7,0
UJ5YTGP,0
UJATIWE,0
UJMDRME,0
UKH4W41,0
UKH50SQ,0
UKJMGME,0
UL3GZN8,0
ULLIOHF,0
ULW7MFR,0
ULXZLWM,0
UM41ZMN,0
UML0YPG,0
UMV2PV1,0
UMWUEU0,0
UN3WBVD,0
UNP81GL,0
UOBWYR7,0
UOHPRIM,0
UOTQE5H,0
UPRTSMO,0
UPTJALS,0
UPZDY1Z,0
UQ1NBC0,0
UQ2UUST,0
UQ88EMB,0
UQEA0OZ,0
UQL5L95,0
URCLYL6,0
URH0VC9,0
URMDOQU,0
URY4I3W,0
URZOV14,0
USGIYHL,0
USPCQLE,0
USRRMU8,0
UT0CFRC,0
UT6ITA6,0
UTEPIBP,0
UTGG5BJ,0
UTHNZIQ,0
UTLTUEI,0
UTVGQRZ,0
UUBAR0F,0
UUH1H91,0
UUWH49S,0
UVNRVK5,0
UVRHCI8,0
UWGZXPD,0
UWHUKG1,0
UWO1Z6O,0
UWSDDG3,0
UWUP2DB,0
UX1S5KD,0
UX9F13G,0
UXIGYXR,0
UXYAJB1,0
UYJCXIO,0
UYRZV51,0
UZ7UAJP,0
UZQCS1S,0
UZRQ0BL,0
V06Q0Q9,0
V0ZJ1Q8,0
V1930ES,0
V1BA5Z5,0
V1ELXIZ,0
V1KOAWS,0
V1P6AQ1,0
V1RSMQM,0
V1SRY5B,0
V23K1IU,0
V2DHDXF,0
V2KKMTS,0
V34EVD9,0
V36M3QI,0
V3A2LXK,0
V3OST93,0
V3YK45P,0
V3ZHOW6,0
V3ZI0GF,0
V40HUEO,0
V42OB4X,0
V4AKZ38,0
V4L18WQ,0
V53BOS8,0
V592QLS,0
V5IA3IT,0
V5LAOGV,0
V5WTV0U,0
V64IE8K,0
V6K82HB,0
V75DPR0,0
V77MJCM,0
V7P2EIY,0
V7QCBLY,0
V7U0P7N,0
V80V41H,0
V854JV2,0
V89ZDG9,0
V8BC3PV,0
V8NX9AA,0
V8OZLYA,0
V8P3ULK,0
V9KP2V7,0
V9MHKL3,0
V9NY2X3,0
V9O6ESB,0
V9ONN3L,0
V9UJ2LF,0
VA3M1ZE,0
VA8BSKW,0
VAFYC8R,0
VB29M9A,0
VB4JJLM,0
VC3WORC,0
VCES3UB,0
VCJOAJO,0
VCOK7L9,0
VDXJJD3,0
VE5QVKD,0
VENZP40,0
VETUTR2,0
VEXPR76,0
VFB8YSK,0
VFMWUW2,0
VFOPBA0,0
VFYUP13,0
VGAX5IZ,0
VGTU9SF,0
VGV5GD8,0
VH2JY63,0
VHGYE4D,0
VI36K2L,0
VI3GXFJ,0
VIANSK1,0
VIKBEFD,0
VITCXXP,0
VIUMMB5,0
VIVMFJA,0
VIZHUS5,0
VJ1TURE,0
VJAZ8D3,0
VJG9GZI,0
VJJTPBE,0
VK8UGOP,0
VK8UNJZ,0
VKQ3IMQ,0
VKUKP8V,0
VL9DKGT,0
VLAD9SV,0
VLDA6TJ,0
VLH12HY,0
VLKHXXY,0
VLNKBBG,0
VM1FQWV,0
VMC8EYV,0
VMFD8D6,0
VMY2YRV,0
VN0TNKZ,0
VN6XDQ7,0
VN7IIES,0
VN8XD4Q,0
VNJJ9NI,0
VNT74U7,0
VNWX6G5,0
VOA0C3P,0
VOITHVV,0
VOKE3JA,0
VOST0KL,0
VP2GX2J,0
VPAY7WN,0
VPEW78A,0
VPFKRY1,0
VPFORIN,0
VPH7QKO,0
VPHBT4Q,0
VPM6N5L,0
VPMDEQ9,0
VPQ0KU4,0
VPT5FUA,0
VQ0NJXS,0
VQ14LWW,0
VQ8N9NL,0
VQRJ2PX,0
VQS2FM2,0
VQSUV07,0
VQZE9EU,0
VR02H4E,0
VR2LKA3,0
VRC5VVU,0
VREGWNE,0
VRTNELJ,0
VRX4AWE,0
VS5FFRP,0
VSDM9YZ,0
VSDN0QQ,0
VSE7MPK,0
VSILD8O,0
VSJ7NFO,0
VSUCFHM,0
VSZCFH3,0
VT0F842,0
VT1N9WG,0
VTACTTA,0
VTCW4IG,0
VTJNQJT,0
VTWLQ73,0
VU6P039,0
VU6Y3EU,0
VUD08FS,0
VUHACQH,0
VV4MW7P,0
VV5CQK4,0
VV5JQ25,0
VVEB0D6,0
VVKHQ2N,0
VVP8HY8,0
VW4WW09,0
VWHYKCZ,0
VWP0RWL,0
VWTNN2C,0
VWWX1XD,0
VX1BL92,0
VX55WLL,0
VX9YW5G,0
VXBOQ8K,0
VXD8RFI,0
VXIEF30,0
VXPGLHM,0
VXUDN1V,0
VXZ4IBT,0
VY12LKO,0
VY7NWGN,0
VZ6QQTN,0
VZGGRFT,0
W0855JY,0
W0AIE6L,0
W0DC7OW,0
W149FKB,0
W17TNKK,0
W17ZHJZ,0
W1ILA89,0
W1MRMQ5,0
W27185F,0
W2NLDI4,0
W2ZT9LP,0
W36LTAN,0
W3JGL5V,0
W3SMUQP,0
W3SSTJR,0
W3TIH1V,0
W40F683,0
W4DQL6N,0
W4HGZKT,0
W4L35EW,0
W4W9Q5F,0
W4XWI6U,0
W5F0KC1,0
W5JXPUP,0
W5U51CI,0
W5XSOZS,0
W6X0L7U,0
W771LSW,0
W7HAXK7,0
W837SY4,0
W88WXA0,0
W8HYQX2,0
W8LS42C,0
W9GOYOC,0
W9SH4CD,0
W9UEP0W,0
WA2FO4U,0
WACM22F,0
WAQAIAD,0
WAR7ZJG,0
WB3E64W,0
WBZR65D,0
WCQGECH,0
WCXFC91,0
WD5RAIN,0
WDGGJSR,0
WDJLU4D,0
WDQOHX3,0
WE5MW3D,0
WF4P1E5,0
WF7CWPZ,0
WF80V6Y,0
WFLBV7P,0
WFRK7T0,0
WFY4M69,0
WGIT48W,0
WGPGHG9,0
WHC9YPM,0
WHE41FC,0
WHEQF8D,0
WI0A1QC,0
WI6NAPW,0
WIA9D3S,0
WIB6A1C,0
WIJMWNT,0
WIS98H1,0
WIU6TG2,0
WIWLQT7,0
WJ0A4PM,0
WK0PZT8,0
WK37VOZ,0
WKBEP6A,0
WKCL5GU,0
WLITMID,0
WLV2TSM,0
WM2LRFW,0
WM7L9ZY,0
WMQZOJW,0
WMVQSQ8,0
WNJOS1F,0
WNPA2IY,0
WNVRP0Y,0
WO5IBK4,0
WOBIOKR,0
WOCQFJI,0
WOKI36E,0
WOOOEHM,0
WP1BQO5,0
WPOXM4M,0
WQ5XT53,0
WQIN43A,0
WRELXRV,0
WRHWBL0,0
WRTKM4F,0
WRVOZ7L,0
WS2AKPW,0
WS8WL41,0
WSJ8RKG,0
WST9FOM,0
WSW6IYD,0
WSY22Y5,0
WT2G575,0
WT78RTQ,0
WTBMNYK,0
WTFOI7I,0
WTTQ9TY,0
WTYJJO8,0
WUE7SXB,0
WUQM3HM,0
WVOW6P8,0
WVPPTSK,0
WVU78ST,0
WWFDX8B,0
WWK3AA0,0
WWUEC9U,0
WX5UAUP,0
WX64R78,0
WXG931F,0
WXGIQB8,0
WXZ9H7D,0
WY1T2H9,0
WYWUOWW,0
WZB8G72,0
WZDQEVK,0
WZJHTZY,0
WZNEE8Z,0
WZU3S3O,0
WZV9PS4,0
WZXKLOU,0
X010ER2,0
X04QSW9,0
X0EK4K3,0
X0NBSVE,0
X1FFLDS,0
X1JS9JS,0
X1NLB83,0
X1TKCR0,0
X1YCHCV,0
X1ZUOZ1,0
X241M0D,0
X2BM7V1,0
X2PIRXM,0
X2VQJE4,0
X38M0V0,0
X3APTQY,0
X3FNLUA,0
X3U9187,0
X3UBZ6I,0
X417I5B,0
X43VIGZ,0
X4GFKMN,0
X4ICIN4,0
X52CWGJ,0
X53VXKS,0
X5EEYQT,0
X5ZOX6N,0
X63F7CP,0
X6AAZWX,0
X6HU8DS,0
X6LOVHN,0
X6POAN2,0
X709R0M,0
X728FIX,0
X7615C4,0
X7F8710,0
X7T98L1,0
X7WT6QC,0
X83BGL4,0
X849O18,0
X87HHDR,0
X87OTUX,0
X8AASIG,0
X8EL3IC,0
X972SQU,0
X9UM0KE,0
X9ZHR7J,0
XB99PXZ,0
XBFEXDV,0
XBNWCHQ,0
XCO28H4,0
XCP7JST,0
XCTMY14,0
XDB05V4,0
XDG8ZFJ,0
XDHDB88,0
XDPOVY7,0
XDTFYD5,0
XEIEYIT,0
XEOXGMG,0
XEV3GO2,0
XEVB20J,0
XF25QMW,0
XFDSFH8,0
XFZ6CG5,0
XGW22FH,0
XGZJGNV,0
XHC7U9B,0
XHZEOH8,0
XIASLZY,0
XIO6ODZ,0
XJ5BWA1,0
XJCSJYA,0
XJDWESW,0
XJHLPSH,0
XJSMG9Q,0
XJSRGE8,0
XKAJQ3T,0
XKL2TFK,0
XKRZYMN,0
XKS4BS2,0
XL2Z0VV,0
XL4D4RI,0
XMLI8BK,0
XMNF4EK,0
XN07AZK,0
XN1G4SW,0
XN8LPEF,0
XNBU9G8,0
XNCKV04,0
XNQ4LIO,0
XNRDPXA,0
XNW3NY5,0
XOAFARH,0
XOCCSB8,0
XOO2L64,0
XPWAT8V,0
XPY09NF,0
XQ1IOZG,0
XQFTRZP,0
XQLPB5E,0
XRDLESX,0
XRGI5Z4,0
XRQ7LTK,0
XRSP89B,0
XRV0JPG,0
XSKA87A,0
XSQ27TW,0
XSRF0MI,0
XTF6RPF,0
XTLMQWW,0
XULYEX3,0
XUMSXP3,0
XUVJTCR,0
XV3SOHQ,0
XV4UA6F,0
XVBWQKC,0
XVHA5RU,0
XVPGOYR,0
XW8O2ZY,0
XWG3SVH,0
XWHPXQO,0
XWNRZYQ,0
XWNYJI5,0
XWVQ5JX,0
XX74K7K,0
XXGBLEU,0
XXV4BJS,0
XY9HQ3Q,0
XYCVQUL,0
XYSHNJM,0
XYVNA8L,0
XZ628U2,0
XZ9260A,0
XZON90T,0
XZP5XIU,0
XZQXRUB,0
XZX19K8,0
Y0BM4W2,0
Y0PMX8W,0
Y0PSZNG,0
Y1OT8GW,0
Y1XLX4F,0
Y1Y5CPS,0
Y2J431Y,0
Y2KZSCS,0
Y2MP08W,0
Y381943,0
Y3IJECT,0
Y3KSJVB,0
Y3NZ0IB,0
Y3O30PK,0
Y3QGD4H,0
Y4BIHCD,0
Y4MU0SV,0
Y4OPKQ4,0
Y4U4YU9,0
Y4YVMBR,0
Y50K87J,0
Y50UEJ8,0
Y512G8T,0
Y553NKH,0
Y5CNBLK,0
Y5FYAWB,0
Y5U994T,0
Y610EMD,0
Y6EBON8,0
Y6PSSRT,0
Y6ZP0YG,0
Y74F60L,0
Y75UC7F,0
Y7BQCFP,0
Y7E5PFE,0
Y7W1MEU,0
Y8KGVTL,0
Y9NQHVX,0
Y9PG7JC,0
YA3OVLV,0
YA54U3B,0
YAA9F74,0
YAB5VR4,0
YACRH79,0
YAD2WTT,0
YALSH52,0
YAOQCIC,0
YASJBOX,0
YBBBY9D,0
YC438YI,0
YC7FKJ5,0
YC97M3S,0
YCKJFC6,0
YCRUO1O,0
YCZXSNW,0
YD364JB,0
YD59AMU,0
YDZLP9B,0
YE2XMXD,0
YE31108,0
YE9PJXF,0
YEC4BX0,0
YECF15U,0
YEIJ8A5,0
YEUBY7I,0
YEYEPMY,0
YFBF179,0
YFFQKE8,0
YFI3OJD,0
YFJHU92,0
YFZJ7NP,0
YG1T6GU,0
YGV6Z5H,0
YH5A1HV,0
YH989JL,0
YHJA9NU,0
YHWMDP6,0
YI0007Q,0
YIR8K0R,0
YJ98ME2,0
YJD2KND,0
YJJ2PKC,0
YJQF7IE,0
YK3X0G0,0
YK512MC,0
YK5B8WE,0
YK6EXHA,0
YKBHGVN,0
YKCBUKT,0
YKX04RR,0
YL6ZNDY,0
YLHBBDD,0
YLOLUWO,0
YM1VDB6,0
YM307MI,0
YMVOIZV,0
YMYXN7R,0
YN0DYWH,0
YNC2G3P,0
YNCQV7O,0
YNH9WSP,0
YOMRP75,0
YOPRFFB,0
YOTGKBQ,0
YP5K3T8,0
YP9RPD7,0
YPFD0HV,0
YPFPW8A,0
YPLHCLL,0
YPTQKQR,0
YPTZW75,0
YQE7AXG,0
YQO5M9G,0
YQQLHZP,0
YQZ3HFR,0
YRA2RK6,0
YRB4CG1,0
YRDJ7TR,0
YRGJAJJ,0
YRIRLS6,0
YRTOP6S,0
YSDHU4E,0
YSEOKMS,0
YSGZ9X9,0
YSH7TI8,0
YT06SPD,0
YT9KRJP,0
YTB85ES,0
YTKU8B9,0
YTUOURX,0
YTXABEW,0
YTXPONP,0
YU3L677,0
YU611T2,0
YU6J2U9,0
YUAXG21,0
YUGELOG,0
YUMOMC7,0
YUQJ03T,0
YUVDYUU,0
YUVRU97,0
YUXIY8R,0
YUYHADW,0
YV0T3EW,0
YVBCOPX,0
YVFBC9O,0
YVIU0M1,0
YVIW7W2,0
YVRP1TO,0
YW1BJD4,0
YX0K7FT,0
YXCUDEZ,0
YXIL1H6,0
YXJOPFA,0
YYGD99W,0
YYIPJ8X,0
YZ53GK4,0
YZ96Z2H,0
YZIDZ54,0
YZVLOWQ,0
Z002YDA,0
Z015YGF,0
Z0U8MNA,0
Z13GXIS,0
Z1I0RKO,0
Z1KVSVO,0
Z1YKGMZ,0
Z2H6G4J,0
Z2IKPKX,0
Z2QWUW2,0
Z2XG69K,0
Z33YHJG,0
Z34HR8I,0
Z36IM3O,0
Z37VBLH,0
Z3M4DFB,0
Z3V4WVX,0
Z3YZMIV,0
Z3ZL20G,0
Z4BPQ82,0
Z556X3D,0
Z56GFVA,0
Z5KZ0IN,0
Z5L5K12,0
Z6CNE9S,0
Z6HCSF0,0
Z6MHZVZ,0
Z6O83XW,0
Z7SJO4C,0
Z7UH96U,0
Z84S6Z7,0
Z8DU2YT,0
Z8SX5F5,0
Z8UPNV2,0
Z8XI6B7,0
Z99VY3J,0
Z9CQKLL,0
Z9H9KV9,0
Z9MDD99,0
Z9OVONQ,0
Z9XKXXL,0
ZA9O4WL,0
ZANAY64,0
ZAOIR62,0
ZBGGK5T,0
ZBOX9JP,0
ZBVFUCA,0
ZC7LMST,0
ZCDTT3D,0
ZCSFLM2,0
ZD9M7E5,0
ZDCK6JP,0
ZDEBBHN,0
ZDI8O53,0
ZDJ4SM2,0
ZE2RBLA,0
ZEK0YWT,0
ZEVYSJ0,0
ZEXPHGI,0
ZF49WKA,0
ZFWE5MQ,0
ZFZQWSU,0
ZG2C04W,0
ZG7NXYV,0
ZGV7PXU,0
ZH8IZHU,0
ZHDP16H,0
ZI0PU4Y,0
ZI3DUBU,0
ZIBN3RQ,0
ZIETYEH,0
ZIJQEWN,0
ZJMV775,0
ZJRVDWH,0
ZJSJVPP,0
ZK9CN3W,0
ZKHR6EL,0
ZKITPM3,0
ZKS8X6A,0
ZKZPBGY,0
ZL1JKI0,0
ZLAJWMW,0
ZLF8LKE,0
ZM8Y96F,0
ZMDAZ5S,0
ZMOYDT0,0
ZMQ59N6,0
ZMSMR0Z,0
ZNB8BV9,0
ZNKXY8E,0
ZNRHM22,0
ZNYOP38,0
ZO9LTX4,0
ZOTRP7M,0
ZP4DSAM,0
ZPBI5BR,0
ZPEA7V5,0
ZPP94KU,0
ZPT74O7,0
ZPXW2JB,0
ZQDE92R,0
ZQKZWED,0
ZQME4QP,0
ZQZ5AFX,0
ZRBRBN1,0
ZRCEQL0,0
ZREJYZV,0
ZS426CO,0
ZS4AMG0,0
ZSFUMRP,0
ZSKF8DV,0
ZSULRTH,0
ZSVJOHG,0
ZTMNEMY,0
ZTTHC5X,0
ZUH4SJR,0
ZUJAFUP,0
ZV70KRX,0
ZVI1K6E,0
ZWHCTUM,0
ZWL2W6I,0
ZWMG7L5,0
ZWQRL8L,0
ZWVSFZY,0
ZWZ92GU,0
ZX34V0A,0
ZXEBF6P,0
ZXIQF9C,0
ZXLNIJY,0
ZYEK9NI,0
ZYTNJOK,0
ZYXX5AF,0
ZYYOZ5L,0
ZZ1GTKD,0
ZZDXQSI,0
ZZYTLV1,0
